id,cohort,tray,row,col,genotype,generation,size1,size2,size3,observer,
1348,1,1,A,1,5865,parent,,,,,
814,1,1,A,2,6965x9412 rep1,F8,,,,,
25,1,1,A,3,1063x1435 rep1,F8,,,,,
760,1,1,A,4,6252x6202 rep1,F8,,,,,
202,1,1,A,5,6025x6046 rep2,F8,,,,,
1000,1,1,A,6,9323x8369 rep1,F8,,,,,
1030,1,1,B,1,9353x6109 rep1,F8,,,,,
1843,1,1,B,2,9391,parent,,,,,
1045,1,1,B,3,9369x9434 rep1,F8,,,,,
775,1,1,B,4,6258x1257 rep2,F8,,,,,
1792,1,1,B,5,9332,parent,,,,,
43,1,1,B,6,1158x6092 rep1,F8,,,,,
583,1,1,C,1,6173x9383 rep1,F8,,,,,
1027,1,1,C,2,9352x8422 rep2,F8,,,,,
268,1,1,C,3,6064x9404 rep2,F8,,,,,
835,1,1,C,4,7517x6284 rep2,F8,,,,,
1006,1,1,C,5,9332x6413 rep1,F8,,,,,
592,1,1,C,6,6177x6023 rep2,F8,,,,,
181,1,1,D,1,6021x9407 rep2,F8,,,,,
388,1,1,D,2,6109x9343 rep1,F8,,,,,
1645,1,1,D,3,6220,parent,,,,,
7,1,1,D,4,1002x6244 rep1,F8,,,,,
319,1,1,D,5,6088x9386 rep2,F8,,,,,
1807,1,1,D,6,9353,parent,,,,,
1912,1,1,E,1,9454,parent,,,,,
1882,1,1,E,2,9416,parent,,,,,
1165,1,1,E,3,9413x8423 rep2,F8,,,,,
271,1,1,E,4,6069x9470 rep1,F8,,,,,
430,1,1,E,5,6125x6099 rep2,F8,,,,,
1375,1,1,E,6,6023,parent,,,,,
127,1,1,F,1,5856x9452 rep1,F8,,,,,
382,1,1,F,2,6107x6128 rep2,F8,,,,,
1024,1,1,F,3,9352x8422 rep1,F8,,,,,
886,1,1,F,4,8242x6171 rep1,F8,,,,,
76,1,1,F,5,1367x8256 rep2,F8,,,,,
1555,1,1,F,6,6149,parent,,,,,
1915,1,1,G,1,9455,parent,,,,,
1870,1,1,G,2,9408,parent,,,,,
493,1,1,G,3,6138x6122 rep1,F8,,,,,
82,1,1,G,4,1435x6240 rep2,F8,,,,,
55,1,1,G,5,1257x8334 rep1,F8,,,,,
1159,1,1,G,6,9412x6024 rep2,F8,,,,,
1636,1,1,H,1,6216,parent,,,,,
997,1,1,H,2,9321x6189 rep2,F8,,,,,
976,1,1,H,3,8426x6193 rep1,F8,,,,,
190,1,1,H,4,6024x1367 rep2,F8,,,,,
1489,1,1,H,5,6112,parent,,,,,
235,1,1,H,6,6039x5835 rep1,F8,,,,,
922,1,2,A,1,8307x9481 rep1,F8,,,,,
484,1,2,A,2,6136x6064 rep2,F8,,,,,
631,1,2,A,3,6193x9394 rep1,F8,,,,,
196,1,2,A,4,6024x6124 rep2,F8,,,,,
1687,1,2,A,5,6413,parent,,,,,
1273,1,2,A,6,992x9332 rep2,F8,,,,,
322,1,2,B,1,6090x9416 rep1,F8,,,,,
1153,1,2,B,2,9409x6104 rep2,F8,,,,,
1237,1,2,B,3,9455x9371 rep2,F8,,,,,
316,1,2,B,4,6088x9386 rep1,F8,,,,,
1279,1,2,B,5,997x8307 rep2,F8,,,,,
1819,1,2,B,6,9371,parent,,,,,
376,1,2,C,1,6106x6071 rep2,F8,,,,,
214,1,2,C,2,6034x6231 rep2,F8,,,,,
664,1,2,C,3,6201x9399 rep2,F8,,,,,
1900,1,2,C,4,9450,parent,,,,,
115,1,2,C,5,5831x8237 rep1,F8,,,,,
1672,1,2,C,6,6252,parent,,,,,
619,1,2,D,1,6192x1062 rep1,F8,,,,,
649,1,2,D,2,6197x6127 rep1,F8,,,,,
61,1,2,D,3,1317x6276 rep1,F8,,,,,
514,1,2,D,4,6145x8247 rep2,F8,,,,,
1906,1,2,D,5,9452,parent,,,,,
1885,1,2,D,6,9421,parent,,,,,
919,1,2,E,1,8283x9471 rep2,F8,,,,,
1324,1,2,E,2,1552,parent,,,,,
1243,1,2,E,3,9470x6107 rep2,F8,,,,,
691,1,2,E,4,6216x6258 rep1,F8,,,,,
1396,1,2,E,5,6038,parent,,,,,
217,1,2,E,6,6035x9433 rep1,F8,,,,,
1246,1,2,F,1,9471x9450 rep1,F8,,,,,
1399,1,2,F,2,6039,parent,,,,,
1717,1,2,F,3,8230,parent,,,,,
1774,1,2,F,4,8423,parent,,,,,
826,1,2,F,5,6974x6198 rep1,F8,,,,,
1195,1,2,F,6,9434x6177 rep2,F8,,,,,
640,1,2,G,1,6194x1061 rep2,F8,,,,,
340,1,2,G,2,6097x1318 rep1,F8,,,,,
1606,1,2,G,3,6193,parent,,,,,
520,1,2,G,4,6148x6138 rep2,F8,,,,,
1306,1,2,G,5,1257,parent,,,,,
28,1,2,G,6,1063x1435 rep2,F8,,,,,
1528,1,2,H,1,6133,parent,,,,,
1378,1,2,H,2,6024,parent,,,,,
682,1,2,H,3,6209x6151 rep2,F8,,,,,
1669,1,2,H,4,6244,parent,,,,,
499,1,2,H,5,6140x9388 rep1,F8,,,,,
1390,1,2,H,6,6035,parent,,,,,
1129,1,3,A,1,9404x9390 rep2,F8,,,,,
1513,1,3,A,2,6126,parent,,,,,
808,1,3,A,3,6918x9323 rep1,F8,,,,,
112,1,3,A,4,5830x6085 rep2,F8,,,,,
1087,1,3,A,5,9390x8283 rep2,F8,,,,,
436,1,3,A,6,6126x6172 rep2,F8,,,,,
733,1,3,B,1,6238x6105 rep2,F8,,,,,
364,1,3,B,2,6104x6034 rep2,F8,,,,,
1342,1,3,B,3,5835,parent,,,,,
424,1,3,B,4,6124x6184 rep2,F8,,,,,
1117,1,3,B,5,9399x6097 rep2,F8,,,,,
871,1,3,B,6,8237x6194 rep2,F8,,,,,
205,1,3,C,1,6030x992 rep1,F8,,,,,
1609,1,3,C,2,6194,parent,,,,,
10,1,3,C,3,1002x6244 rep2,F8,,,,,
1654,1,3,C,4,6237,parent,,,,,
409,1,3,C,5,6115x1585 rep2,F8,,,,,
1147,1,3,C,6,9408x9352 rep2,F8,,,,,
130,1,3,D,1,5856x9452 rep2,F8,,,,,
118,1,3,D,2,5831x8237 rep2,F8,,,,,
1519,1,3,D,3,6128,parent,,,,,
1498,1,3,D,4,6115,parent,,,,,
1510,1,3,D,5,6125,parent,,,,,
892,1,3,D,6,8247x6154 rep1,F8,,,,,
1846,1,3,E,1,9392,parent,,,,,
1054,1,3,E,2,9380x1063 rep1,F8,,,,,
898,1,3,E,3,8256x8376 rep1,F8,,,,,
1021,1,3,E,4,9343x8259 rep2,F8,,,,,
163,1,3,E,5,6017x9392 rep2,F8,,,,,
1123,1,3,E,6,9402x6169 rep2,F8,,,,,
907,1,3,F,1,8258x6115 rep2,F8,,,,,
1840,1,3,F,2,9390,parent,,,,,
1933,1,3,F,3,992,parent,,,,,
91,1,3,F,4,1585x9427 rep1,F8,,,,,
574,1,3,F,5,6171x6074 rep2,F8,,,,,
1936,1,3,F,6,997,parent,,,,,
856,1,3,G,1,8230x6195 rep1,F8,,,,,
1075,1,3,G,2,9386x6171 rep2,F8,,,,,
616,1,3,G,3,6191x6965 rep2,F8,,,,,
1798,1,3,G,4,9339,parent,,,,,
1573,1,3,G,5,6166,parent,,,,,
1258,1,3,G,6,9481x9399 rep1,F8,,,,,
877,1,3,H,1,8240x6036 rep2,F8,,,,,
1666,1,3,H,2,6243,parent,,,,,
1447,1,3,H,3,6092,parent,,,,,
79,1,3,H,4,1435x6240 rep1,F8,,,,,
103,1,3,H,5,5829x9336 rep1,F8,,,,,
1072,1,3,H,6,9386x6171 rep1,F8,,,,,
1864,1,4,A,1,9405,parent,,,,,
799,1,4,A,2,6913x6149 rep2,F8,,,,,
553,1,4,A,3,6163x9405 rep1,F8,,,,,
853,1,4,A,4,8227x6216 rep2,F8,,,,,
1876,1,4,A,5,9412,parent,,,,,
1771,1,4,A,6,8422,parent,,,,,
256,1,4,B,1,6043x9453 rep2,F8,,,,,
1549,1,4,B,2,6145,parent,,,,,
925,1,4,B,3,8307x9481 rep2,F8,,,,,
1360,1,4,B,4,6013,parent,,,,,
1114,1,4,B,5,9399x6097 rep1,F8,,,,,
229,1,4,B,6,6036x6203 rep1,F8,,,,,
295,1,4,C,1,6074x9421 rep2,F8,,,,,
454,1,4,C,2,6131x6113 rep2,F8,,,,,
1096,1,4,C,3,9391x9353 rep1,F8,,,,,
1633,1,4,C,4,6210,parent,,,,,
1051,1,4,C,5,9371x6021 rep2,F8,,,,,
715,1,4,C,6,6221x9455 rep1,F8,,,,,
1453,1,4,D,1,6097,parent,,,,,
946,1,4,D,2,8376x6201 rep1,F8,,,,,
1888,1,4,D,3,9427,parent,,,,,
1534,1,4,D,4,6136,parent,,,,,
241,1,4,D,5,6040x6041 rep1,F8,,,,,
1699,1,4,D,6,6965,parent,,,,,
1546,1,4,E,1,6142,parent,,,,,
34,1,4,E,2,1137x1074 rep2,F8,,,,,
70,1,4,E,3,1318x6035 rep2,F8,,,,,
1720,1,4,E,4,8231,parent,,,,,
1627,1,4,E,5,6203,parent,,,,,
622,1,4,E,6,6192x1062 rep2,F8,,,,,
652,1,4,F,1,6197x6127 rep2,F8,,,,,
1003,1,4,F,2,9323x8369 rep2,F8,,,,,
1423,1,4,F,3,6071,parent,,,,,
1486,1,4,F,4,6111,parent,,,,,
1276,1,4,F,5,997x8307 rep1,F8,,,,,
1621,1,4,F,6,6201,parent,,,,,
1810,1,4,G,1,9356,parent,,,,,
1414,1,4,G,2,6064,parent,,,,,
736,1,4,G,3,6240x5831 rep1,F8,,,,,
1318,1,4,G,4,1367,parent,,,,,
1795,1,4,G,5,9336,parent,,,,,
94,1,4,G,6,1585x9427 rep2,F8,,,,,
1300,1,4,H,1,1158,parent,,,,,
421,1,4,H,2,6124x6184 rep1,F8,,,,,
727,1,4,H,3,6237x6090 rep2,F8,,,,,
19,1,4,H,4,1062x6108 rep1,F8,,,,,
226,1,4,H,5,6036x1318 rep2,F8,,,,,
1594,1,4,H,6,6184,parent,,,,,
829,1,5,A,1,6974x6198 rep2,F8,,,,,
1102,1,5,A,2,9392x6073 rep1,F8,,,,,
262,1,5,A,3,6046x6191 rep2,F8,,,,,
1471,1,5,A,4,6105,parent,,,,,
1579,1,5,A,5,6171,parent,,,,,
442,1,5,A,6,6127x6918 rep2,F8,,,,,
403,1,5,B,1,6114x9381 rep2,F8,,,,,
1174,1,5,B,2,9421x8256 rep1,F8,,,,,
901,1,5,B,3,8256x8376 rep2,F8,,,,,
373,1,5,B,4,6106x6071 rep1,F8,,,,,
1741,1,5,B,5,9369x9434_rep2,parent,,,,,
1543,1,5,B,6,6140,parent,,,,,
757,1,5,C,1,6244x6173 rep2,F8,,,,,
745,1,5,C,2,6241x1552 rep2,F8,,,,,
337,1,5,C,3,6094x9369 rep2,F8,,,,,
385,1,5,C,4,6108x6192 rep2,F8,,,,,
688,1,5,C,5,6210x6134 rep2,F8,,,,,
346,1,5,C,6,6098x9451 rep1,F8,,,,,
1867,1,5,D,1,9407,parent,,,,,
973,1,5,D,2,8423x8240 rep2,F8,,,,,
1186,1,5,D,3,9433x6030 rep1,F8,,,,,
1858,1,5,D,4,9402,parent,,,,,
37,1,5,D,5,1137x6237 rep1,F8,,,,,
646,1,5,D,6,6195x1074 rep2,F8,,,,,
817,1,5,E,1,6965x9412 rep2,F8,,,,,
1552,1,5,E,2,6148,parent,,,,,
991,1,5,E,3,9058x6112 rep2,F8,,,,,
175,1,5,E,4,6020x6030 rep2,F8,,,,,
1618,1,5,E,5,6198,parent,,,,,
889,1,5,E,6,8242x6171 rep2,F8,,,,,
40,1,5,F,1,1137x6237 rep2,F8,,,,,
13,1,5,F,2,1061x6131 rep1,F8,,,,,
1516,1,5,F,3,6127,parent,,,,,
793,1,5,F,4,6413x8351 rep2,F8,,,,,
1105,1,5,F,5,9392x6073 rep2,F8,,,,,
292,1,5,F,6,6074x9421 rep1,F8,,,,,
310,1,5,G,1,6086x8222 rep1,F8,,,,,
148,1,5,G,2,6012x997 rep1,F8,,,,,
49,1,5,G,3,1254x6076 rep1,F8,,,,,
1225,1,5,G,4,9453x6106 rep2,F8,,,,,
529,1,5,G,5,6150x6218 rep1,F8,,,,,
400,1,5,G,6,6114x9381 rep1,F8,,,,,
1678,1,5,H,1,6258,parent,,,,,
64,1,5,H,2,1317x6276 rep2,F8,,,,,
1438,1,5,H,3,6086,parent,,,,,
895,1,5,H,4,8247x6154 rep2,F8,,,,,
100,1,5,H,5,175x6913 rep2,F8,,,,,
538,1,5,H,6,6151x9408 rep2,F8,,,,,
787,1,6,A,1,6284x5830 rep2,F8,,,,,
16,1,6,A,2,1061x6131 rep2,F8,,,,,
166,1,6,A,3,6019x6012 rep1,F8,,,,,
352,1,6,A,4,6099x9394 rep2,F8,,,,,
250,1,6,A,5,6041x6153 rep2,F8,,,,,
1210,1,6,A,6,9451x9437 rep1,F8,,,,,
721,1,6,B,1,6231x6039 rep2,F8,,,,,
1690,1,6,B,2,6913,parent,,,,,
391,1,6,B,3,6109x9343 rep2,F8,,,,,
85,1,6,B,4,1552x1158 rep1,F8,,,,,
1684,1,6,B,5,6284,parent,,,,,
784,1,6,B,6,6284x5830 rep1,F8,,,,,
601,1,6,C,1,6184x6025 rep1,F8,,,,,
136,1,6,C,2,5865x8426 rep2,F8,,,,,
658,1,6,C,3,6198x6118 rep2,F8,,,,,
238,1,6,C,4,6039x5835 rep2,F8,,,,,
1711,1,6,C,5,8222,parent,,,,,
502,1,6,C,6,6140x9388 rep2,F8,,,,,
643,1,6,D,1,6195x1074 rep1,F8,,,,,
613,1,6,D,2,6191x6965 rep1,F8,,,,,
949,1,6,D,3,8376x6201 rep2,F8,,,,,
1765,1,6,D,4,8386,parent,,,,,
280,1,6,D,5,6070x6019 rep2,F8,,,,,
358,1,6,D,6,6100x6069 rep2,F8,,,,,
1756,1,6,E,1,8351,parent,,,,,
868,1,6,E,2,8237x6194 rep1,F8,,,,,
1294,1,6,E,3,1074,parent,,,,,
379,1,6,E,4,6107x6128 rep1,F8,,,,,
1921,1,6,E,5,9471,parent,,,,,
763,1,6,E,6,6252x6202 rep2,F8,,,,,
742,1,6,F,1,6241x1552 rep1,F8,,,,,
1873,1,6,F,2,9409,parent,,,,,
1264,1,6,F,3,991x6210 rep1,F8,,,,,
1177,1,6,F,4,9421x8256 rep2,F8,,,,,
1282,1,6,F,5,1002,parent,,,,,
937,1,6,F,6,8351x6150 rep2,F8,,,,,
1009,1,6,G,1,9332x6413 rep2,F8,,,,,
820,1,6,G,2,6974x6102 rep1,F8,,,,,
1417,1,6,G,3,6069,parent,,,,,
1726,1,6,G,4,8240,parent,,,,,
1267,1,6,G,5,991x6210 rep2,F8,,,,,
934,1,6,G,6,8351x6150 rep1,F8,,,,,
1567,1,6,H,1,6154,parent,,,,,
880,1,6,H,2,8241x1137 rep1,F8,,,,,
1363,1,6,H,3,6017,parent,,,,,
1897,1,6,H,4,9437,parent,,,,,
724,1,6,H,5,6237x6090 rep1,F8,,,,,
73,1,6,H,6,1367x8256 rep1,F8,,,,,
265,1,7,A,1,6064x9404 rep1,F8,,,,,
1582,1,7,A,2,6172,parent,,,,,
1261,1,7,A,3,9481x9399 rep2,F8,,,,,
1204,1,7,A,4,9450x9356 rep1,F8,,,,,
184,1,7,A,5,6023x9380 rep1,F8,,,,,
157,1,7,A,6,6013x8241 rep2,F8,,,,,
1108,1,7,B,1,9395x9454 rep1,F8,,,,,
220,1,7,B,2,6035x9433 rep2,F8,,,,,
928,1,7,B,3,8334x8231 rep1,F8,,,,,
187,1,7,B,4,6024x1367 rep1,F8,,,,,
874,1,7,B,5,8240x6036 rep1,F8,,,,,
1708,1,7,B,6,7519,parent,,,,,
286,1,7,C,1,6071x6145 rep2,F8,,,,,
1156,1,7,C,2,9412x6024 rep1,F8,,,,,
625,1,7,C,3,6193x6133 rep1,F8,,,,,
1168,1,7,C,4,9416x6086 rep1,F8,,,,,
1015,1,7,C,5,9336x6220 rep2,F8,,,,,
1426,1,7,C,6,6073,parent,,,,,
823,1,7,D,1,6974x6102 rep2,F8,,,,,
1927,1,7,D,2,9481,parent,,,,,
796,1,7,D,3,6913x6149 rep1,F8,,,,,
628,1,7,D,4,6193x6133 rep2,F8,,,,,
1657,1,7,D,5,6238,parent,,,,,
706,1,7,D,6,6218x6043 rep2,F8,,,,,
952,1,7,E,1,8386x6241 rep1,F8,,,,,
1474,1,7,E,2,6106,parent,,,,,
1828,1,7,E,3,9382,parent,,,,,
1459,1,7,E,4,6099,parent,,,,,
481,1,7,E,5,6136x6064 rep1,F8,,,,,
1813,1,7,E,6,9363,parent,,,,,
1393,1,7,F,1,6036,parent,,,,,
223,1,7,F,2,6036x1318 rep1,F8,,,,,
133,1,7,F,3,5865x8426 rep1,F8,,,,,
700,1,7,F,4,6217x6126 rep2,F8,,,,,
313,1,7,F,5,6086x8222 rep2,F8,,,,,
277,1,7,F,6,6070x6019 rep1,F8,,,,,
1255,1,7,G,1,9476x991 rep2,F8,,,,,
739,1,7,G,2,6240x5831 rep2,F8,,,,,
496,1,7,G,3,6138x6122 rep2,F8,,,,,
1855,1,7,G,4,9399,parent,,,,,
1387,1,7,G,5,6034,parent,,,,,
916,1,7,G,6,8283x9471 rep1,F8,,,,,
634,1,7,H,1,6193x9394 rep2,F8,,,,,
1693,1,7,H,2,6917,parent,,,,,
988,1,7,H,3,9058x6112 rep1,F8,,,,,
1738,1,7,H,4,8256,parent,,,,,
550,1,7,H,5,6163x6111 rep2,F8,,,,,
1651,1,7,H,6,6231,parent,,,,,
1405,1,8,A,1,6041,parent,,,,,
1681,1,8,A,2,6276,parent,,,,,
1150,1,8,A,3,9409x6104 rep1,F8,,,,,
367,1,8,A,4,6105x5829 rep1,F8,,,,,
955,1,8,A,5,8386x6241 rep2,F8,,,,,
1093,1,8,A,6,9391x5867 rep2,F8,,,,,
790,1,8,B,1,6413x8351 rep1,F8,,,,,
1180,1,8,B,2,9427x8387 rep1,F8,,,,,
1924,1,8,B,3,9476,parent,,,,,
1063,1,8,B,4,9381x6198 rep2,F8,,,,,
1384,1,8,B,5,6030,parent,,,,,
1012,1,8,B,6,9336x6220 rep1,F8,,,,,
1402,1,8,C,1,6040,parent,,,,,
685,1,8,C,2,6210x6134 rep1,F8,,,,,
1270,1,8,C,3,992x9332 rep1,F8,,,,,
1336,1,8,C,4,5830,parent,,,,,
472,1,8,C,5,6133x6917 rep2,F8,,,,,
1171,1,8,C,6,9416x6086 rep2,F8,,,,,
511,1,8,D,1,6145x8247 rep1,F8,,,,,
1309,1,8,D,2,1317,parent,,,,,
589,1,8,D,3,6177x6023 rep1,F8,,,,,
718,1,8,D,4,6231x6039 rep1,F8,,,,,
970,1,8,D,5,8423x8240 rep1,F8,,,,,
1879,1,8,D,6,9413,parent,,,,,
154,1,8,E,1,6013x8241 rep1,F8,,,,,
985,1,8,E,2,9057x9382 rep2,F8,,,,,
1189,1,8,E,3,9433x6030 rep2,F8,,,,,
1090,1,8,E,4,9391x5867 rep1,F8,,,,,
1084,1,8,E,5,9390x8283 rep1,F8,,,,,
1312,1,8,E,6,1318,parent,,,,,
1201,1,8,F,1,9437x6197 rep2,F8,,,,,
397,1,8,F,2,6112x6166 rep2,F8,,,,,
1351,1,8,F,3,5867,parent,,,,,
1111,1,8,F,4,9395x9454 rep2,F8,,,,,
355,1,8,F,5,6100x6069 rep1,F8,,,,,
943,1,8,F,6,8369x6132 rep2,F8,,,,,
532,1,8,G,1,6150x6218 rep2,F8,,,,,
445,1,8,G,2,6128x9413 rep1,F8,,,,,
469,1,8,G,3,6133x6917 rep1,F8,,,,,
1783,1,8,G,4,9058,parent,,,,,
475,1,8,G,5,6134x6013 rep1,F8,,,,,
523,1,8,G,6,6149x9395 rep1,F8,,,,,
1504,1,8,H,1,6122,parent,,,,,
1198,1,8,H,2,9437x6197 rep1,F8,,,,,
487,1,8,H,3,6137x5867 rep1,F8,,,,,
439,1,8,H,4,6127x6918 rep1,F8,,,,,
1456,1,8,H,5,6098,parent,,,,,
958,1,8,H,6,8387x6238 rep1,F8,,,,,
1420,1,9,A,1,6070,parent,,,,,
1432,1,9,A,2,6076,parent,,,,,
979,1,9,A,3,8426x6193 rep2,F8,,,,,
1849,1,9,A,4,9394,parent,,,,,
1144,1,9,A,5,9408x9352 rep1,F8,,,,,
1570,1,9,A,6,6163,parent,,,,,
931,1,9,B,1,8334x8231 rep2,F8,,,,,
334,1,9,B,2,6094x9369 rep1,F8,,,,,
199,1,9,B,3,6025x6046 rep1,F8,,,,,
1078,1,9,B,4,9388x9057 rep1,F8,,,,,
1750,1,9,B,5,8307,parent,,,,,
169,1,9,B,6,6019x6012 rep2,F8,,,,,
1558,1,9,C,1,6150,parent,,,,,
838,1,9,C,2,7519x6111 rep1,F8,,,,,
22,1,9,C,3,1062x6108 rep2,F8,,,,,
1219,1,9,C,4,9452x6114 rep2,F8,,,,,
1183,1,9,C,5,9427x8387 rep2,F8,,,,,
151,1,9,C,6,6012x997 rep2,F8,,,,,
1213,1,9,D,1,9451x9437 rep2,F8,,,,,
961,1,9,D,2,8387x6238 rep2,F8,,,,,
478,1,9,D,3,6134x6013 rep2,F8,,,,,
1732,1,9,D,4,8242,parent,,,,,
562,1,9,D,5,6166x7519 rep2,F8,,,,,
1639,1,9,D,6,6217,parent,,,,,
1591,1,9,E,1,6180,parent,,,,,
517,1,9,E,2,6148x6138 rep1,F8,,,,,
778,1,9,E,3,6276x9363 rep1,F8,,,,,
994,1,9,E,4,9321x6189 rep1,F8,,,,,
1780,1,9,E,5,9057,parent,,,,,
982,1,9,E,6,9057x9382 rep1,F8,,,,,
67,1,9,F,1,1318x6035 rep1,F8,,,,,
253,1,9,F,2,6043x9453 rep1,F8,,,,,
4,1,9,F,3,1002x6038 rep2,F8,,,,,
1702,1,9,F,4,6974,parent,,,,,
505,1,9,F,5,6142x7517 rep1,F8,,,,,
1615,1,9,F,6,6197,parent,,,,,
343,1,9,G,1,6097x1318 rep2,F8,,,,,
571,1,9,G,2,6171x6074 rep1,F8,,,,,
883,1,9,G,3,8241x1137 rep2,F8,,,,,
1,1,9,G,4,1002x6038 rep1,F8,,,,,
703,1,9,G,5,6218x6043 rep1,F8,,,,,
730,1,9,G,6,6238x6105 rep1,F8,,,,,
1696,1,9,H,1,6918,parent,,,,,
847,1,9,H,2,8222x6243 rep2,F8,,,,,
1501,1,9,H,3,6118,parent,,,,,
1894,1,9,H,4,9434,parent,,,,,
1522,1,9,H,5,6131,parent,,,,,
544,1,9,H,6,6154x6221 rep2,F8,,,,,
106,1,10,A,1,5829x9336 rep2,F8,,,,,
247,1,10,A,2,6041x6153 rep1,F8,,,,,
1285,1,10,A,3,1061,parent,,,,,
433,1,10,A,4,6126x6172 rep1,F8,,,,,
139,1,10,A,5,5867x6913 rep1,F8,,,,,
298,1,10,A,6,6076x1254 rep1,F8,,,,,
1852,1,10,B,1,9395,parent,,,,,
31,1,10,B,2,1137x1074 rep1,F8,,,,,
1576,1,10,B,3,6169,parent,,,,,
1588,1,10,B,4,6177,parent,,,,,
1891,1,10,B,5,9433,parent,,,,,
457,1,10,B,6,6132x6255 rep1,F8,,,,,
1330,1,10,C,1,175,parent,,,,,
1162,1,10,C,2,9413x8423 rep1,F8,,,,,
124,1,10,C,3,5835x9058 rep2,F8,,,,,
1648,1,10,C,4,6221,parent,,,,,
394,1,10,C,5,6112x6166 rep1,F8,,,,,
586,1,10,C,6,6173x9383 rep2,F8,,,,,
1444,1,10,D,1,6090,parent,,,,,
637,1,10,D,2,6194x1061 rep1,F8,,,,,
964,1,10,D,3,8422x6209 rep1,F8,,,,,
1069,1,10,D,4,9382x6035 rep2,F8,,,,,
88,1,10,D,5,1552x1158 rep2,F8,,,,,
463,1,10,D,6,6133x6020 rep1,F8,,,,,
370,1,10,E,1,6105x5829 rep2,F8,,,,,
1039,1,10,E,2,9356x6094 rep2,F8,,,,,
841,1,10,E,3,7519x6111 rep2,F8,,,,,
1837,1,10,E,4,9388,parent,,,,,
598,1,10,E,5,6180x1317 rep2,F8,,,,,
1831,1,10,E,6,9383,parent,,,,,
781,1,10,F,1,6276x9363 rep2,F8,,,,,
1477,1,10,F,2,6107,parent,,,,,
697,1,10,F,3,6217x6126 rep1,F8,,,,,
415,1,10,F,4,6118x8227 rep2,F8,,,,,
1345,1,10,F,5,5856,parent,,,,,
289,1,10,F,6,6073x9476 rep2,F8,,,,,
1624,1,10,G,1,6202,parent,,,,,
145,1,10,G,2,6011x6017 rep2,F8,,,,,
1462,1,10,G,3,6100,parent,,,,,
1723,1,10,G,4,8237,parent,,,,,
448,1,10,G,5,6128x9413 rep2,F8,,,,,
1429,1,10,G,6,6074,parent,,,,,
1036,1,10,H,1,9356x6094 rep1,F8,,,,,
160,1,10,H,2,6017x9392 rep1,F8,,,,,
754,1,10,H,3,6244x6173 rep1,F8,,,,,
451,1,10,H,4,6131x6113 rep1,F8,,,,,
301,1,10,H,5,6076x1254 rep2,F8,,,,,
655,1,10,H,6,6198x6118 rep1,F8,,,,,
172,1,11,A,1,6020x6030 rep1,F8,,,,,
1120,1,11,A,2,9402x6169 rep1,F8,,,,,
1768,1,11,A,3,8387,parent,,,,,
361,1,11,A,4,6104x6034 rep1,F8,,,,,
1357,1,11,A,5,6012,parent,,,,,
832,1,11,A,6,7517x6284 rep1,F8,,,,,
1804,1,11,B,1,9352,parent,,,,,
1381,1,11,B,2,6025,parent,,,,,
1789,1,11,B,3,9323,parent,,,,,
1057,1,11,B,4,9380x1063 rep2,F8,,,,,
850,1,11,B,5,8227x6216 rep1,F8,,,,,
1033,1,11,B,6,9353x6109 rep2,F8,,,,,
1207,1,11,C,1,9450x9356 rep2,F8,,,,,
349,1,11,C,2,6098x9451 rep2,F8,,,,,
58,1,11,C,3,1257x8334 rep2,F8,,,,,
1435,1,11,C,4,6085,parent,,,,,
568,1,11,C,5,6169x8230 rep2,F8,,,,,
304,1,11,C,6,6085x9409 rep1,F8,,,,,
811,1,11,D,1,6918x9323 rep2,F8,,,,,
1252,1,11,D,2,9476x991 rep1,F8,,,,,
1930,1,11,D,3,991,parent,,,,,
547,1,11,D,4,6163x6111 rep1,F8,,,,,
802,1,11,D,5,6917x6011 rep1,F8,,,,,
1192,1,11,D,6,9434x6177 rep1,F8,,,,,
1480,1,11,E,1,6108,parent,,,,,
1228,1,11,E,2,9454x1363 rep1,F8,,,,,
766,1,11,E,3,6255x6136 rep1,F8,,,,,
283,1,11,E,4,6071x6145 rep1,F8,,,,,
1468,1,11,E,5,6104,parent,,,,,
565,1,11,E,6,6169x8230 rep1,F8,,,,,
1333,1,11,F,1,5829,parent,,,,,
1354,1,11,F,2,6011,parent,,,,,
490,1,11,F,3,6137x5867 rep2,F8,,,,,
1729,1,11,F,4,8241,parent,,,,,
1141,1,11,F,5,9407x6040 rep2,F8,,,,,
325,1,11,F,6,6090x9416 rep2,F8,,,,,
1825,1,11,G,1,9381,parent,,,,,
751,1,11,G,2,6243x6180 rep2,F8,,,,,
1231,1,11,G,3,9454x1363 rep2,F8,,,,,
1132,1,11,G,4,9405x6100 rep1,F8,,,,,
466,1,11,G,5,6133x6020 rep2,F8,,,,,
52,1,11,G,6,1254x6076 rep2,F8,,,,,
1537,1,11,H,1,6137,parent,,,,,
1240,1,11,H,2,9470x6107 rep1,F8,,,,,
1372,1,11,H,3,6021,parent,,,,,
1531,1,11,H,4,6134,parent,,,,,
1663,1,11,H,5,6241,parent,,,,,
1603,1,11,H,6,6192,parent,,,,,
541,1,12,A,1,6154x6221 rep1,F8,,,,,
526,1,12,A,2,6149x9395 rep2,F8,,,,,
1135,1,12,A,3,9405x6100 rep2,F8,,,,,
1822,1,12,A,4,9380,parent,,,,,
178,1,12,A,5,6021x9407 rep1,F8,,,,,
1903,1,12,A,6,9451,parent,,,,,
577,1,12,B,1,6172x6148 rep1,F8,,,,,
1642,1,12,B,2,6218,parent,,,,,
1465,1,12,B,3,6102,parent,,,,,
607,1,12,B,4,6189x6220 rep1,F8,,,,,
1249,1,12,B,5,9471x9450 rep2,F8,,,,,
1675,1,12,B,6,6255,parent,,,,,
460,1,12,C,1,6132x6255 rep2,F8,,,,,
604,1,12,C,2,6184x6025 rep2,F8,,,,,
1801,1,12,C,3,9343,parent,,,,,
910,1,12,C,4,8259x6217 rep1,F8,,,,,
193,1,12,C,5,6024x6124 rep1,F8,,,,,
904,1,12,C,6,8258x6115 rep1,F8,,,,,
406,1,12,D,1,6115x1585 rep1,F8,,,,,
1369,1,12,D,2,6020,parent,,,,,
427,1,12,D,3,6125x6099 rep1,F8,,,,,
595,1,12,D,4,6180x1317 rep1,F8,,,,,
1816,1,12,D,5,9369,parent,,,,,
211,1,12,D,6,6034x6231 rep1,F8,,,,,
1753,1,12,E,1,8334,parent,,,,,
1564,1,12,E,2,6153,parent,,,,,
1222,1,12,E,3,9453x6106 rep1,F8,,,,,
1216,1,12,E,4,9452x6114 rep1,F8,,,,,
1126,1,12,E,5,9404x9390 rep1,F8,,,,,
1081,1,12,E,6,9388x9057 rep2,F8,,,,,
412,1,12,F,1,6118x8227 rep1,F8,,,,,
940,1,12,F,2,8369x6132 rep1,F8,,,,,
535,1,12,F,3,6151x9408 rep1,F8,,,,,
1507,1,12,F,4,6124,parent,,,,,
1411,1,12,F,5,6046,parent,,,,,
670,1,12,F,6,6202x9402 rep2,F8,,,,,
556,1,12,G,1,6163x9405 rep2,F8,,,,,
244,1,12,G,2,6040x6041 rep2,F8,,,,,
121,1,12,G,3,5835x9058 rep1,F8,,,,,
109,1,12,G,4,5830x6085 rep1,F8,,,,,
862,1,12,G,5,8231x8386 rep1,F8,,,,,
259,1,12,G,6,6046x6191 rep1,F8,,,,,
331,1,12,H,1,6092x6125 rep2,F8,,,,,
1597,1,12,H,2,6189,parent,,,,,
859,1,12,H,3,8230x6195 rep2,F8,,,,,
508,1,12,H,4,6142x7517 rep2,F8,,,,,
679,1,12,H,5,6209x6151 rep1,F8,,,,,
1099,1,12,H,6,9391x9353 rep2,F8,,,,,
1366,1,13,A,1,6019,parent,,,,,
97,1,13,A,2,175x6913 rep1,F8,,,,,
1600,1,13,A,3,6191,parent,,,,,
1321,1,13,A,4,1435,parent,,,,,
46,1,13,A,5,1158x6092 rep2,F8,,,,,
673,1,13,A,6,6203x9321 rep1,F8,,,,,
1483,1,13,B,1,6109,parent,,,,,
1291,1,13,B,2,1063,parent,,,,,
844,1,13,B,3,8222x6243 rep1,F8,,,,,
1585,1,13,B,4,6173,parent,,,,,
1525,1,13,B,5,6132,parent,,,,,
661,1,13,B,6,6201x9399 rep1,F8,,,,,
805,1,13,C,1,6917x6011 rep2,F8,,,,,
1495,1,13,C,2,6114,parent,,,,,
1540,1,13,C,3,6138,parent,,,,,
1630,1,13,C,4,6209,parent,,,,,
1834,1,13,C,5,9386,parent,,,,,
559,1,13,C,6,6166x7519 rep1,F8,,,,,
1561,1,13,D,1,6151,parent,,,,,
913,1,13,D,2,8259x6217 rep2,F8,,,,,
1744,1,13,D,3,8259,parent,,,,,
580,1,13,D,4,6172x6148 rep2,F8,,,,,
1339,1,13,D,5,5831,parent,,,,,
274,1,13,D,6,6069x9470 rep2,F8,,,,,
1705,1,13,E,1,7517,parent,,,,,
676,1,13,E,2,6203x9321 rep2,F8,,,,,
328,1,13,E,3,6092x6125 rep1,F8,,,,,
1303,1,13,E,4,1254,parent,,,,,
208,1,13,E,5,6030x992 rep2,F8,,,,,
1918,1,13,E,6,9470,parent,,,,,
1408,1,13,F,1,6043,parent,,,,,
1234,1,13,F,2,9455x9371 rep1,F8,,,,,
1042,1,13,F,3,9363x6070 rep1,F8,,,,,
1441,1,13,F,4,6088,parent,,,,,
1861,1,13,F,5,9404,parent,,,,,
1786,1,13,F,6,9321,parent,,,,,
1315,1,13,G,1,1363,parent,,,,,
1450,1,13,G,2,6094,parent,,,,,
1777,1,13,G,3,8426,parent,,,,,
418,1,13,G,4,6122x6252 rep2,F8,,,,,
748,1,13,G,5,6243x6180 rep1,F8,,,,,
694,1,13,G,6,6216x6258 rep2,F8,,,,,
1492,1,13,H,1,6113,parent,,,,,
1066,1,13,H,2,9382x6035 rep1,F8,,,,,
769,1,13,H,3,6255x6136 rep2,F8,,,,,
1297,1,13,H,4,1137,parent,,,,,
1762,1,13,H,5,8376,parent,,,,,
1909,1,13,H,6,9453,parent,,,,,
772,1,14,A,1,6258x1257 rep1,F8,,,,,
1660,1,14,A,2,6240,parent,,,,,
712,1,14,A,3,6220x9339 rep2,F8,,,,,
967,1,14,B,1,8422x6209 rep2,F8,,,,,
1288,1,14,B,2,1062,parent,,,,,
232,1,14,B,3,6038x6039 rep2,F8,,,,,
142,1,14,C,1,5867x6913 rep2,F8,,,,,
1138,1,14,C,2,9407x6040 rep1,F8,,,,,
1048,1,14,C,3,9371x6021 rep1,F8,,,,,
1327,1,14,D,1,1585,parent,,,,,
1747,1,14,D,2,8283,parent,,,,,
709,1,14,D,3,6220x9339 rep1,F8,,,,,
865,1,14,E,1,8231x8386 rep2,F8,,,,,
307,1,14,E,2,6085x9409 rep2,F8,,,,,
1759,1,14,E,3,8369,parent,,,,,
667,1,14,F,1,6202x9402 rep1,F8,,,,,
1018,1,14,F,2,9343x8259 rep1,F8,,,,,
610,1,14,F,3,6189x6220 rep2,F8,,,,,
1735,1,14,G,1,8247,parent,,,,,
1714,1,14,G,2,8227,parent,,,,,
1612,1,14,H,1,6195,parent,,,,,
1060,1,14,H,2,9381x6198 rep1,F8,,,,,
365,2,15,H,6,6104x6034 rep2,F8,0,0,0,TJE,
1268,2,15,H,5,991x6210 rep2,F8,0.37,0.31,0.38,TJE,
725,2,15,H,4,6237x6090 rep1,F8,0.78,0.97,0.91,TJE,
1556,2,15,H,3,6149,parent,0,0,0,TJE,
434,2,15,H,2,6126x6172 rep1,F8,1.3,1.29,1.33,TJE,
1142,2,15,H,1,9407x6040 rep2,F8,1.35,1.41,1.45,TJE,
713,2,15,G,6,6220x9339 rep2,F8,3.22,3.41,3.53,TJE,
929,2,15,G,5,8334x8231 rep1,F8,1.7,1.53,1.72,TJE,
1601,2,15,G,4,6191,parent,2.83,2.63,2.89,TJE,
1262,2,15,G,3,9481x9399 rep2,F8,1.15,1.2,1.22,TJE,
1676,2,15,G,2,6255,parent,0.84,0.69,0.89,TJE,
1307,2,15,G,1,1257,parent,0.77,0.65,0.74,TJE,
1058,2,15,F,6,9380x1063 rep2,F8,2.29,1.95,2.23,TJE,
1721,2,15,F,5,8231,parent,0.1,0.06,0.07,TJE,
983,2,15,F,4,9057x9382 rep1,F8,2.03,1.9,1.98,TJE,
1055,2,15,F,3,9380x1063 rep1,F8,1.27,1.17,1.18,TJE,
404,2,15,F,2,6114x9381 rep2,F8,1.15,1.14,1.26,TJE,
1367,2,15,F,1,6019,parent,0.16,0.13,0.17,TJE,
1424,2,15,E,6,6071,parent,5.57,5.48,5.43,TJE,
869,2,15,E,5,8237x6194 rep1,F8,0,0,0,TJE,
656,2,15,E,4,6198x6118 rep1,F8,1.91,1.85,2.02,TJE,
875,2,15,E,3,8240x6036 rep1,F8,1.64,1.61,1.53,TJE,
794,2,15,E,2,6413x8351 rep2,F8,2.15,2.07,2.24,TJE,
806,2,15,E,1,6917x6011 rep2,F8,1.46,1.4,1.43,TJE,
935,2,15,D,6,8351x6150 rep1,F8,0.8,0.68,0.77,TJE,
791,2,15,D,5,6413x8351 rep1,F8,3.99,4.05,3.56,TJE,
188,2,15,D,4,6024x1367 rep1,F8,1.75,1.69,1.67,TJE,
953,2,15,D,3,8386x6241 rep1,F8,2.34,1.91,2.04,TJE,
320,2,15,D,2,6088x9386 rep2,F8,1.67,1.29,1.38,TJE,
746,2,15,D,1,6241x1552 rep2,F8,0.37,0.29,0.34,TJE,
1406,2,15,C,6,6041,parent,0.12,0.14,0.1,TJE,
275,2,15,C,5,6069x9470 rep2,F8,4.65,4.79,4.75,TJE,
1250,2,15,C,4,9471x9450 rep2,F8,1.56,1.59,1.59,TJE,
1088,2,15,C,3,9390x8283 rep2,F8,2.05,1.91,2.13,TJE,
782,2,15,C,2,6276x9363 rep2,F8,1.56,1.38,1.52,TJE,
170,2,15,C,1,6019x6012 rep2,F8,1.2,1.16,1.26,TJE,
1523,2,15,B,6,6131,parent,0.65,0.6,0.64,TJE,
1157,2,15,B,5,9412x6024 rep1,F8,0,0,0,TJE,
1754,2,15,B,4,8334,parent,1.58,1.4,1.49,TJE,
674,2,15,B,3,6203x9321 rep1,F8,0.32,0.26,0.3,TJE,
797,2,15,B,2,6913x6149 rep1,F8,1.09,0.94,0.94,TJE,
410,2,15,B,1,6115x1585 rep2,F8,1.03,1.09,1.16,TJE,
104,2,15,A,6,5829x9336 rep1,F8,2.5,2.3,2.66,TJE,
1412,2,15,A,5,6046,parent,3.22,2.97,2.84,TJE,
551,2,15,A,4,6163x6111 rep2,F8,0.46,0.38,0.47,TJE,
1664,2,15,A,3,6241,parent,0.98,1.05,1.12,TJE,
1517,2,15,A,2,6127,parent,1.59,1.57,1.76,TJE,
686,2,15,A,1,6210x6134 rep1,F8,1.14,1.18,1.05,TJE,
1217,2,16,A,1,9452x6114 rep1,F8,1.3,1.51,1.55,TJE,
131,2,16,A,2,5856x9452 rep2,F8,2.66,2.95,2.94,TJE,
890,2,16,A,3,8242x6171 rep2,F8,1.83,1.99,2.05,TJE,
1925,2,16,A,4,9476,parent,0,0,0,TJE,
752,2,16,A,5,6243x6180 rep2,F8,2.55,2.47,2.54,TJE,
587,2,16,A,6,6173x9383 rep2,F8,1.93,2.05,1.94,TJE,
938,2,16,B,1,8351x6150 rep2,F8,2.16,2.15,2.23,TJE,
50,2,16,B,2,1254x6076 rep1,F8,5.02,4.89,4.58,TJE,
1178,2,16,B,3,9421x8256 rep2,F8,2.88,3.11,3.22,TJE,
1259,2,16,B,4,9481x9399 rep1,F8,1.73,1.92,1.76,TJE,
341,2,16,B,5,6097x1318 rep1,F8,3.17,3.19,3.19,TJE,
1739,2,16,B,6,8256,parent,1.11,1.33,1.33,TJE,
1484,2,16,C,1,6109,parent,2.94,2.61,2.7,TJE,
659,2,16,C,2,6198x6118 rep2,F8,4.01,4.03,3.98,TJE,
95,2,16,C,3,1585x9427 rep2,F8,0.94,1.27,1.15,TJE,
1775,2,16,C,4,8423,parent,0.03,0.03,0.03,TJE,
1622,2,16,C,5,6201,parent,0.73,0.71,0.73,TJE,
1253,2,16,C,6,9476x991 rep1,F8,4.34,3.68,4.03,TJE,
116,2,16,D,1,5831x8237 rep1,F8,2.86,3.3,3.17,TJE,
359,2,16,D,2,6100x6069 rep2,F8,4.98,4.59,4.42,TJE,
1619,2,16,D,3,6198,parent,0,0,0,TJE,
371,2,16,D,4,6105x5829 rep2,F8,5.33,5.24,5.06,TJE,
1481,2,16,D,5,6108,parent,5.23,4.79,4.97,TJE,
1886,2,16,D,6,9421,parent,0,0,0,TJE,
584,2,16,E,1,6173x9383 rep1,F8,3.46,3.93,3.2,TJE,
140,2,16,E,2,5867x6913 rep1,F8,3.88,4.57,3.71,TJE,
1595,2,16,E,3,6184,parent,4.88,5.68,5.35,TJE,
5,2,16,E,4,1002x6038 rep2,F8,6.91,7.24,8.37,TJE,
137,2,16,E,5,5865x8426 rep2,F8,9.43,9.23,8.69,TJE,
98,2,16,E,6,175x6913 rep1,F8,3.07,3.68,3.52,TJE,
1343,2,16,F,1,5835,parent,0,0,0,TJE,
1382,2,16,F,2,6025,parent,0,0,0,TJE,
563,2,16,F,3,6166x7519 rep2,F8,5.54,5.43,5.48,TJE,
617,2,16,F,4,6191x6965 rep2,F8,3.49,3.88,3.63,TJE,
989,2,16,F,5,9058x6112 rep1,F8,3.85,3.94,4.09,TJE,
596,2,16,F,6,6180x1317 rep1,F8,1.69,1.64,1.68,TJE,
803,2,16,G,1,6917x6011 rep1,F8,2.19,2.17,2.41,TJE,
530,2,16,G,2,6150x6218 rep1,F8,2.32,2.29,2.18,TJE,
347,2,16,G,3,6098x9451 rep1,F8,1.47,1.52,1.47,TJE,
1610,2,16,G,4,6194,parent,2.79,2.95,3.09,TJE,
1352,2,16,G,5,5867,parent,1.86,1.94,1.83,TJE,
1685,2,16,G,6,6284,parent,1.85,2.06,2.06,TJE,
281,2,16,H,1,6070x6019 rep2,F8,1.47,1.53,1.61,TJE,
1361,2,16,H,2,6013,parent,2.98,3.2,2.85,TJE,
509,2,16,H,3,6142x7517 rep2,F8,2.94,2.86,2.64,TJE,
1841,2,16,H,4,9390,parent,3.28,3.69,3.74,TJE,
1475,2,16,H,5,6106,parent,1.86,2,3.14,TJE,
716,2,16,H,6,6221x9455 rep1,F8,0.54,0.47,0.52,TJE,
257,2,17,A,1,6043x9453 rep2,F8,2.02,1.96,2.16,TJE,
197,2,17,A,2,6024x6124 rep2,F8,1.24,1.17,1.17,TJE,
611,2,17,A,3,6189x6220 rep2,F8,1.39,1.23,1.26,TJE,
437,2,17,A,4,6126x6172 rep2,F8,2.25,1.87,2,TJE,
1007,2,17,A,5,9332x6413 rep1,F8,0.7,0.65,0.67,TJE,
1688,2,17,A,6,6413,parent,0,0,0,TJE,
923,2,17,B,1,8307x9481 rep1,F8,2.1,2.35,2.54,TJE,
1448,2,17,B,2,6092,parent,1.71,1.75,1.61,TJE,
824,2,17,B,3,6974x6102 rep2,F8,2.7,2.6,2.88,TJE,
1541,2,17,B,4,6138,parent,0.75,0.67,0.61,TJE,
302,2,17,B,5,6076x1254 rep2,F8,3.57,3.51,3.46,TJE,
1232,2,17,B,6,9454x1363 rep2,F8,0,0,0,TJE,
1631,2,17,C,1,6209,parent,2.36,2.49,2.46,TJE,
1355,2,17,C,2,6011,parent,1.62,1.64,1.64,TJE,
749,2,17,C,3,6243x6180 rep1,F8,3.83,3.92,4.11,TJE,
866,2,17,C,4,8231x8386 rep2,F8,2.66,2.51,2.76,TJE,
1628,2,17,C,5,6203,parent,0.36,0.42,0.42,TJE,
1814,2,17,C,6,9363,parent,0,0,0,TJE,
1112,2,17,D,1,9395x9454 rep2,F8,4.78,4.6,5.33,TJE,
176,2,17,D,2,6020x6030 rep2,F8,3.55,3.36,3.27,TJE,
350,2,17,D,3,6098x9451 rep2,F8,2.25,2.11,2.25,TJE,
1358,2,17,D,4,6012,parent,2.62,2.3,2.42,TJE,
1184,2,17,D,5,9427x8387 rep2,F8,4.54,4.45,5.28,TJE,
1643,2,17,D,6,6218,parent,1.6,1.53,1.55,TJE,
1115,2,17,E,1,9399x6097 rep1,F8,4.45,4.03,4.22,TJE,
101,2,17,E,2,175x6913 rep2,F8,3.51,3.23,3.5,TJE,
857,2,17,E,3,8230x6195 rep1,F8,3.21,2.94,2.96,TJE,
1646,2,17,E,4,6220,parent,3.48,4.17,3.79,TJE,
1214,2,17,E,5,9451x9437 rep2,F8,4.26,3.88,4.41,TJE,
1100,2,17,E,6,9391x9353 rep2,F8,1.68,1.88,1.98,TJE,
1931,2,17,F,1,991,parent,1.37,1.56,1.31,TJE,
77,2,17,F,2,1367x8256 rep2,F8,2.74,3.05,2.63,TJE,
1418,2,17,F,3,6069,parent,0,0,0,TJE,
1826,2,17,F,4,9381,parent,3.36,4.11,3.72,TJE,
1640,2,17,F,5,6217,parent,0,0,0,TJE,
1430,2,17,F,6,6074,parent,0,0,0,TJE,
476,2,17,G,1,6134x6013 rep1,F8,4.4,3.97,3.76,TJE,
524,2,17,G,2,6149x9395 rep1,F8,4.38,4.97,4.1,TJE,
1121,2,17,G,3,9402x6169 rep1,F8,0,0,0,TJE,
1106,2,17,G,4,9392x6073 rep2,F8,5.37,4.98,5.14,TJE,
1745,2,17,G,5,8259,parent,1.7,1.75,1.54,TJE,
455,2,17,G,6,6131x6113 rep2,F8,2.41,2.24,2.71,TJE,
53,2,17,H,1,1254x6076 rep2,F8,5.82,6.08,5.31,TJE,
1019,2,17,H,2,9343x8259 rep1,F8,5.34,5.73,4.36,TJE,
1799,2,17,H,3,9339,parent,3.85,4.4,4.57,TJE,
650,2,17,H,4,6197x6127 rep1,F8,2.07,2.33,1.78,TJE,
503,2,17,H,5,6140x9388 rep2,F8,4.24,5.14,5.57,TJE,
1091,2,17,H,6,9391x5867 rep1,F8,3.03,2.96,3.57,TJE,
1478,2,18,A,1,6107,parent,0.54,0.62,0.49,TJE,
194,2,18,A,2,6024x6124 rep1,F8,1.07,1.02,1.01,TJE,
1553,2,18,A,3,6148,parent,1.39,1.35,1.28,TJE,
41,2,18,A,4,1137x6237 rep2,F8,2.02,2.22,2.19,TJE,
266,2,18,A,5,6064x9404 rep1,F8,1.98,2.16,2.2,TJE,
26,2,18,A,6,1063x1435 rep1,F8,2.01,2.15,1.92,TJE,
1202,2,18,B,1,9437x6197 rep2,F8,3.07,3.39,3.01,TJE,
740,2,18,B,2,6240x5831 rep2,F8,1.23,1.46,1.22,TJE,
374,2,18,B,3,6106x6071 rep1,F8,1.43,1.47,1.38,TJE,
968,2,18,B,4,8422x6209 rep2,F8,1.75,1.91,1.74,TJE,
956,2,18,B,5,8386x6241 rep2,F8,1.48,1.68,1.44,TJE,
623,2,18,B,6,6192x1062 rep2,F8,0.99,1.06,1.07,TJE,
1403,2,18,C,1,6040,parent,1.3,1.46,1.35,TJE,
1487,2,18,C,2,6111,parent,1.81,1.86,1.69,TJE,
1838,2,18,C,3,9388,parent,0,0,0,TJE,
422,2,18,C,4,6124x6184 rep1,F8,1.29,1.47,1.26,TJE,
1559,2,18,C,5,6150,parent,1.37,1.4,1.28,TJE,
1277,2,18,C,6,997x8307 rep1,F8,3.07,3.48,3.1,TJE,
1286,2,18,D,1,1061,parent,0,0,0,TJE,
1763,2,18,D,2,8376,parent,2.16,2.21,1.96,TJE,
1730,2,18,D,3,8241,parent,1.31,1.36,1.49,TJE,
368,2,18,D,4,6105x5829 rep1,F8,2.94,3.15,3.52,TJE,
860,2,18,D,5,8230x6195 rep2,F8,2.26,2.67,2.25,TJE,
212,2,18,D,6,6034x6231 rep1,F8,3.7,4.09,4.25,TJE,
1682,2,18,E,1,6276,parent,0,0,0,TJE,
800,2,18,E,2,6913x6149 rep2,F8,2.48,2.71,2.73,TJE,
200,2,18,E,3,6025x6046 rep1,F8,3.64,3.99,3.79,TJE,
734,2,18,E,4,6238x6105 rep2,F8,1.61,1.72,1.57,TJE,
872,2,18,E,5,8237x6194 rep2,F8,2.66,3.02,2.41,TJE,
1310,2,18,E,6,1317,parent,1.21,1.43,1.16,TJE,
497,2,18,F,1,6138x6122 rep2,F8,3.05,3.38,3.15,TJE,
1280,2,18,F,2,997x8307 rep2,F8,4.67,4.38,4.65,TJE,
383,2,18,F,3,6107x6128 rep2,F8,3.28,3.61,3.41,TJE,
1166,2,18,F,4,9413x8423 rep2,F8,2.77,2.86,2.64,TJE,
1085,2,18,F,5,9390x8283 rep1,F8,3.6,3.84,3.52,TJE,
926,2,18,F,6,8307x9481 rep2,F8,3.5,3.92,3.63,TJE,
1490,2,18,G,1,6112,parent,3.03,3.15,3.09,TJE,
191,2,18,G,2,6024x1367 rep2,F8,3.45,3.81,3.72,TJE,
1427,2,18,G,3,6073,parent,3.72,4.08,3.89,TJE,
845,2,18,G,4,8222x6243 rep1,F8,4.81,5.29,4.9,TJE,
1919,2,18,G,5,9470,parent,0.54,0.6,0.51,TJE,
329,2,18,G,6,6092x6125 rep1,F8,3.48,3.86,3.6,TJE,
1847,2,18,H,1,9392,parent,2.55,2.86,2.76,TJE,
1295,2,18,H,2,1074,parent,0,0,0,TJE,
482,2,18,H,3,6136x6064 rep1,F8,4.39,4.76,4.57,TJE,
1871,2,18,H,4,9408,parent,2.48,2.66,2.48,TJE,
545,2,18,H,5,6154x6221 rep2,F8,0,0,0,TJE,
167,2,18,H,6,6019x6012 rep1,F8,4.24,4.63,4.52,TJE,
1508,2,19,A,1,6124,parent,0,0,0,TJE,
608,2,19,A,2,6189x6220 rep1,F8,2.23,2.42,2.31,TJE,
1691,2,19,A,3,6913,parent,1.05,1.23,1.13,TJE,
812,2,19,A,4,6918x9323 rep2,F8,0.91,1.02,0.87,TJE,
1784,2,19,A,5,9058,parent,0.11,0.11,0.11,TJE,
632,2,19,A,6,6193x9394 rep1,F8,2.92,3.26,2.86,TJE,
305,2,19,B,1,6085x9409 rep1,F8,1.74,1.93,1.85,TJE,
1865,2,19,B,2,9405,parent,0.69,0.76,0.72,TJE,
1127,2,19,B,3,9404x9390 rep1,F8,2.06,2.24,2.05,TJE,
1724,2,19,B,4,8237,parent,2.34,2.57,2.36,TJE,
1136,2,19,B,5,9405x6100 rep2,F8,2.69,2.98,2.81,TJE,
68,2,19,B,6,1318x6035 rep1,F8,3.76,4.05,3.7,TJE,
542,2,19,C,1,6154x6221 rep1,F8,0.68,0.76,0.62,TJE,
1472,2,19,C,2,6105,parent,0.13,0.14,0.14,TJE,
761,2,19,C,3,6252x6202 rep1,F8,4.38,4.78,3.78,TJE,
245,2,19,C,4,6040x6041 rep2,F8,2.72,3.07,2.92,TJE,
851,2,19,C,5,8227x6216 rep1,F8,5.84,6.69,5.99,TJE,
227,2,19,C,6,6036x1318 rep2,F8,3.44,3.85,3.35,TJE,
1046,2,19,D,1,9369x9434 rep1,F8,0.69,0.68,0.65,TJE,
959,2,19,D,2,8387x6238 rep1,F8,1.81,1.99,1.73,TJE,
683,2,19,D,3,6209x6151 rep2,F8,1.7,1.92,1.85,TJE,
80,2,19,D,4,1435x6240 rep1,F8,2.98,3.26,3.04,TJE,
464,2,19,D,5,6133x6020 rep1,F8,5.62,5.61,6.37,TJE,
1235,2,19,D,6,9455x9371 rep1,F8,2.38,2.64,2.32,TJE,
710,2,19,E,1,6220x9339 rep1,F8,2.76,3.36,2.77,TJE,
1379,2,19,E,2,6024,parent,2.12,2.33,1.97,TJE,
1097,2,19,E,3,9391x9353 rep1,F8,4.64,4.49,5.1,TJE,
1565,2,19,E,4,6153,parent,5.32,5.92,6.15,TJE,
1328,2,19,E,5,1585,parent,1.13,1.34,1.03,TJE,
758,2,19,E,6,6244x6173 rep2,F8,5.71,6.09,5.52,TJE,
1349,2,19,F,1,5865,parent,4.06,4.41,4.2,TJE,
773,2,19,F,2,6258x1257 rep1,F8,0,0,0,TJE,
689,2,19,F,3,6210x6134 rep2,F8,3.81,3.68,3.87,TJE,
221,2,19,F,4,6035x9433 rep2,F8,1.27,1.38,1.23,TJE,
38,2,19,F,5,1137x6237 rep1,F8,4.04,4.9,4.5,TJE,
512,2,19,F,6,6145x8247 rep1,F8,0,0,0,TJE,
830,2,19,G,1,6974x6198 rep2,F8,5.57,6.23,5.73,TJE,
506,2,19,G,2,6142x7517 rep1,F8,5.87,6.18,5.28,TJE,
1718,2,19,G,3,8230,parent,3.43,3.74,3.2,TJE,
566,2,19,G,4,6169x8230 rep1,F8,4.39,5.03,4.12,TJE,
1274,2,19,G,5,992x9332 rep2,F8,5,5.45,4.31,TJE,
62,2,19,G,6,1317x6276 rep1,F8,5.82,6.73,5.21,TJE,
1421,2,19,H,1,6070,parent,2.1,1.98,2.09,TJE,
1937,2,19,H,2,997,parent,1.82,1.95,1.8,TJE,
248,2,19,H,3,6041x6153 rep1,F8,4.48,4.27,4.59,TJE,
1439,2,19,H,4,6086,parent,3.25,3.73,3.15,TJE,
1223,2,19,H,5,9453x6106 rep1,F8,4.97,4.5,4.7,TJE,
1304,2,19,H,6,1254,parent,3.88,4.3,4.04,TJE,
668,2,20,A,1,6202x9402 rep1,F8,3.32,3.64,2.86,TJE,
581,2,20,A,2,6172x6148 rep2,F8,2.32,2.48,2.5,TJE,
134,2,20,A,3,5865x8426 rep1,F8,2.31,2.59,2.4,TJE,
779,2,20,A,4,6276x9363 rep1,F8,1.57,1.68,1.45,TJE,
1538,2,20,A,5,6137,parent,1.92,2.1,2.15,TJE,
533,2,20,A,6,6150x6218 rep2,F8,0.81,0.9,0.75,TJE,
158,2,20,B,1,6013x8241 rep2,F8,3.25,3.43,3.44,TJE,
1577,2,20,B,2,6169,parent,2.76,2.96,3.1,TJE,
764,2,20,B,3,6252x6202 rep2,F8,3.85,4.34,4.13,TJE,
152,2,20,B,4,6012x997 rep2,F8,0.95,0.99,1.04,TJE,
44,2,20,B,5,1158x6092 rep1,F8,2.39,2.58,2.24,TJE,
164,2,20,B,6,6017x9392 rep2,F8,1.87,2.05,1.76,TJE,
1817,2,20,C,1,9369,parent,0.02,0.02,0.02,TJE,
1892,2,20,C,2,9433,parent,2.19,2.43,1.19,TJE,
569,2,20,C,3,6169x8230 rep2,F8,1.78,1.96,1.94,TJE,
1850,2,20,C,4,9394,parent,1.65,1.82,1.75,TJE,
521,2,20,C,5,6148x6138 rep2,F8,0.86,0.93,0.82,TJE,
65,2,20,C,6,1317x6276 rep2,F8,4.85,5.14,4.73,TJE,
911,2,20,D,1,8259x6217 rep1,F8,4.33,4.51,3.96,TJE,
299,2,20,D,2,6076x1254 rep1,F8,4.29,4.83,3.62,TJE,
1586,2,20,D,3,6173,parent,3.71,4.26,3.46,TJE,
113,2,20,D,4,5830x6085 rep2,F8,2.04,2.23,2.07,TJE,
1400,2,20,D,5,6039,parent,2.64,2.98,2.71,TJE,
1067,2,20,D,6,9382x6035 rep1,F8,2.61,2.67,2.49,TJE,
977,2,20,E,1,8426x6193 rep1,F8,4.8,5.16,4.95,TJE,
1778,2,20,E,2,8426,parent,2.69,2.93,2.64,TJE,
1895,2,20,E,3,9434,parent,3.11,3.45,3.47,TJE,
32,2,20,E,4,1137x1074 rep1,F8,6.97,7.52,6.86,TJE,
1835,2,20,E,5,9386,parent,3.71,4.11,3.77,TJE,
1397,2,20,E,6,6038,parent,5.39,4.33,5.06,TJE,
1130,2,20,F,1,9404x9390 rep2,F8,4.57,4.73,4.89,TJE,
35,2,20,F,2,1137x1074 rep2,F8,5.49,6.17,5,TJE,
1697,2,20,F,3,6918,parent,2.46,2.8,2.8,TJE,
344,2,20,F,4,6097x1318 rep2,F8,3.89,4.37,3.48,TJE,
821,2,20,F,5,6974x6102 rep1,F8,4.6,5.07,4.6,TJE,
449,2,20,F,6,6128x9413 rep2,F8,3.96,4.34,3.27,TJE,
629,2,20,G,1,6193x6133 rep2,F8,4.28,4.39,4.2,TJE,
626,2,20,G,2,6193x6133 rep1,F8,3.39,3.65,3.31,TJE,
653,2,20,G,3,6197x6127 rep2,F8,3.32,3.71,3.63,TJE,
230,2,20,G,4,6036x6203 rep1,F8,4.12,4.52,3.67,TJE,
278,2,20,G,5,6070x6019 rep1,F8,3.56,4,3.82,TJE,
1031,2,20,G,6,9353x6109 rep1,F8,7.26,8.37,7.66,TJE,
1499,2,20,H,1,6115,parent,1.06,1.19,1.13,TJE,
980,2,20,H,2,8426x6193 rep2,F8,3.13,3.49,3.5,TJE,
707,2,20,H,3,6218x6043 rep2,F8,0,0,0,TJE,
1463,2,20,H,4,6100,parent,3.93,4.33,4.31,TJE,
1910,2,20,H,5,9453,parent,3.67,4.04,3.27,TJE,
1877,2,20,H,6,9412,parent,2.16,2.4,2.21,TJE,
1205,2,21,A,1,9450x9356 rep1,F8,1.18,1.31,1.25,TJE,
128,2,21,A,2,5856x9452 rep1,F8,2.17,2.35,2.2,TJE,
1457,2,21,A,3,6098,parent,0.5,0.56,0.48,TJE,
1904,2,21,A,4,9451,parent,0.72,0.74,0.67,TJE,
1856,2,21,A,5,9399,parent,1.06,1.1,1.1,TJE,
1469,2,21,A,6,6104,parent,1.01,1.11,1.21,TJE,
1502,2,21,B,1,6118,parent,0.37,0.42,0.41,TJE,
1805,2,21,B,2,9352,parent,1.13,1.27,1.25,TJE,
1808,2,21,B,3,9353,parent,3.59,3.89,3.44,TJE,
1208,2,21,B,4,9450x9356 rep2,F8,1.42,1.55,1.49,TJE,
1415,2,21,B,5,6064,parent,0.04,0.04,0.04,TJE,
641,2,21,B,6,6194x1061 rep2,F8,2.24,2.59,2.14,TJE,
1034,2,21,C,1,9353x6109 rep2,F8,3.18,3.51,2.94,TJE,
1151,2,21,C,2,9409x6104 rep1,F8,1.71,1.88,1.95,TJE,
557,2,21,C,3,6163x9405 rep2,F8,0,0,0,TJE,
1160,2,21,C,4,9412x6024 rep2,F8,2.41,2.81,2.66,TJE,
47,2,21,C,5,1158x6092 rep2,F8,3.67,4.03,3.59,TJE,
74,2,21,C,6,1367x8256 rep1,F8,2.2,2.44,2.41,TJE,
1802,2,21,D,1,9343,parent,0,0,0,TJE,
776,2,21,D,2,6258x1257 rep2,F8,2.61,2.95,2.77,TJE,
728,2,21,D,3,6237x6090 rep2,F8,1.49,1.75,1.75,TJE,
146,2,21,D,4,6011x6017 rep2,F8,1.31,1.42,1.4,TJE,
1148,2,21,D,5,9408x9352 rep2,F8,4.04,4.71,4.02,TJE,
269,2,21,D,6,6064x9404 rep2,F8,2.35,2.6,2.16,TJE,
1199,2,21,E,1,9437x6197 rep1,F8,4.38,5.17,4.38,TJE,
362,2,21,E,2,6104x6034 rep1,F8,2,2.21,2.42,TJE,
1868,2,21,E,3,9407,parent,1.51,1.74,1.75,TJE,
1325,2,21,E,4,1552,parent,5.37,6.25,5.55,TJE,
296,2,21,E,5,6074x9421 rep2,F8,5.89,6.84,6.35,TJE,
896,2,21,E,6,8247x6154 rep2,F8,2.82,3.37,3.01,TJE,
1364,2,21,F,1,6017,parent,0.81,0.91,0.85,TJE,
1493,2,21,F,2,6113,parent,2.86,3.02,2.75,TJE,
452,2,21,F,3,6131x6113 rep1,F8,0,0,0,TJE,
527,2,21,F,4,6149x9395 rep2,F8,3.66,3.87,3.83,TJE,
1550,2,21,F,5,6145,parent,2.63,2.92,2.54,TJE,
1070,2,21,F,6,9382x6035 rep2,F8,2.34,2.55,2.05,TJE,
836,2,21,G,1,7517x6284 rep2,F8,6.73,5.78,6.03,TJE,
413,2,21,G,2,6118x8227 rep1,F8,1.83,2.05,1.9,TJE,
1004,2,21,G,3,9323x8369 rep2,F8,1.8,1.99,1.7,TJE,
1907,2,21,G,4,9452,parent,2.83,3.27,3.03,TJE,
1574,2,21,G,5,6166,parent,0,0,0,TJE,
284,2,21,G,6,6071x6145 rep1,F8,0.59,0.6,0.57,TJE,
1133,2,21,H,1,9405x6100 rep1,F8,3.22,3.48,3.31,TJE,
554,2,21,H,2,6163x9405 rep1,F8,1.6,1.85,1.6,TJE,
1781,2,21,H,3,9057,parent,1.71,1.87,1.51,TJE,
1037,2,21,H,4,9356x6094 rep1,F8,0,0,0,TJE,
1331,2,21,H,5,175,parent,3.53,3.92,3.37,TJE,
515,2,21,H,6,6145x8247 rep2,F8,2.72,3.15,2.46,TJE,
1322,2,22,A,1,1435,parent,0.44,0.5,0.49,TJE,
755,2,22,A,2,6244x6173 rep1,F8,0.74,0.66,0.75,TJE,
1283,2,22,A,3,1002,parent,0.31,0.32,0.29,TJE,
1226,2,22,A,4,9453x6106 rep2,F8,0.31,0.27,0.31,TJE,
443,2,22,A,5,6127x6918 rep2,F8,1.48,1.76,1.71,TJE,
839,2,22,A,6,7519x6111 rep1,F8,1.43,1.5,1.7,TJE,
1013,2,22,B,1,9336x6220 rep1,F8,1.89,2.34,1.94,TJE,
575,2,22,B,2,6171x6074 rep2,F8,1.59,1.8,1.52,TJE,
815,2,22,B,3,6965x9412 rep1,F8,0,0,0,TJE,
1592,2,22,B,4,6180,parent,0.76,0.72,0.75,TJE,
209,2,22,B,5,6030x992 rep2,F8,1.82,2.05,1.85,TJE,
71,2,22,B,6,1318x6035 rep2,F8,1.95,1.98,1.81,TJE,
1604,2,22,C,1,6192,parent,0.85,0.75,0.79,TJE,
614,2,22,C,2,6191x6965 rep1,F8,1.98,2.53,2.27,TJE,
1652,2,22,C,3,6231,parent,0.05,0.05,0.05,TJE,
500,2,22,C,4,6140x9388 rep1,F8,2.93,3.24,3.1,TJE,
854,2,22,C,5,8227x6216 rep2,F8,2.74,2.48,2.81,TJE,
1220,2,22,C,6,9452x6114 rep2,F8,3.91,3.88,4.15,TJE,
671,2,22,D,1,6202x9402 rep2,F8,4.81,4.66,4.73,TJE,
1589,2,22,D,2,6177,parent,2.79,2.45,2.55,TJE,
731,2,22,D,3,6238x6105 rep1,F8,1.3,1.31,1.49,TJE,
1928,2,22,D,4,9481,parent,0.03,0.03,0.03,TJE,
995,2,22,D,5,9321x6189 rep1,F8,0,0,0,TJE,
1583,2,22,D,6,6172,parent,1.69,1.69,1.66,TJE,
593,2,22,E,1,6177x6023 rep2,F8,4.35,3.77,3.54,TJE,
1526,2,22,E,2,6132,parent,1.69,1.74,1.62,TJE,
1535,2,22,E,3,6136,parent,1.67,1.59,1.69,TJE,
182,2,22,E,4,6021x9407 rep2,F8,2.25,2.49,2.63,TJE,
1025,2,22,E,5,9352x8422 rep1,F8,3.37,3.26,3.31,TJE,
92,2,22,E,6,1585x9427 rep1,F8,1.67,1.54,1.59,TJE,
251,2,22,F,1,6041x6153 rep2,F8,3.53,3.47,3.54,TJE,
1076,2,22,F,2,9386x6171 rep2,F8,2.95,2.77,2.72,TJE,
335,2,22,F,3,6094x9369 rep1,F8,3.18,3.33,3.44,TJE,
1661,2,22,F,4,6240,parent,1.07,1.03,1.02,TJE,
119,2,22,F,5,5831x8237 rep2,F8,2.6,2.57,2.7,TJE,
1832,2,22,F,6,9383,parent,0.77,0.68,0.69,TJE,
1454,2,22,G,1,6097,parent,1.89,1.94,2.12,TJE,
440,2,22,G,2,6127x6918 rep1,F8,3.54,3.38,3.87,TJE,
1346,2,22,G,3,5856,parent,2.99,2.96,2.68,TJE,
1313,2,22,G,4,1318,parent,0.52,0.59,0.55,TJE,
887,2,22,G,5,8242x6171 rep1,F8,2.76,2.9,2.81,TJE,
1109,2,22,G,6,9395x9454 rep1,F8,2.21,2.39,2.31,TJE,
1544,2,22,H,1,6140,parent,2.53,2.41,2.06,TJE,
311,2,22,H,2,6086x8222 rep1,F8,1.28,1.33,1.38,TJE,
149,2,22,H,3,6012x997 rep1,F8,1.51,1.24,1.34,TJE,
842,2,22,H,4,7519x6111 rep2,F8,4.23,3.88,4.06,TJE,
467,2,22,H,5,6133x6020 rep2,F8,2.75,3.14,2.71,TJE,
392,2,22,H,6,6109x9343 rep2,F8,2.52,2.68,2.85,TJE,
1193,2,23,A,1,9434x6177 rep1,F8,1.06,1.07,1.03,TJE,
494,2,23,A,2,6138x6122 rep1,F8,1.05,1.04,1.12,TJE,
1529,2,23,A,3,6133,parent,0.59,0.56,0.61,TJE,
1187,2,23,A,4,9433x6030 rep1,F8,0.83,1.03,1.08,TJE,
539,2,23,A,5,6151x9408 rep2,F8,0.77,0.7,0.72,TJE,
698,2,23,A,6,6217x6126 rep1,F8,1.63,1.61,1.63,TJE,
1124,2,23,B,1,9402x6169 rep2,F8,0.56,0.65,0.66,TJE,
485,2,23,B,2,6136x6064 rep2,F8,0.73,0.77,0.71,TJE,
992,2,23,B,3,9058x6112 rep2,F8,1.09,1.11,1.01,TJE,
1433,2,23,B,4,6076,parent,0.87,0.99,0.92,TJE,
1316,2,23,B,5,1363,parent,0,0,0,TJE,
965,2,23,B,6,8422x6209 rep1,F8,1.96,1.71,1.91,TJE,
1649,2,23,C,1,6221,parent,0.07,0.09,0.03,TJE,
1298,2,23,C,2,1137,parent,0.1,0.09,0.07,TJE,
395,2,23,C,3,6112x6166 rep1,F8,0.81,0.83,0.87,TJE,
314,2,23,C,4,6086x8222 rep2,F8,1.14,1.18,1.08,TJE,
389,2,23,C,5,6109x9343 rep1,F8,1.54,1.35,1.59,TJE,
1709,2,23,C,6,7519,parent,0.23,0.14,0.15,TJE,
1049,2,23,D,1,9371x6021 rep1,F8,1.08,0.96,0.95,TJE,
1289,2,23,D,2,1062,parent,0.79,0.68,0.64,TJE,
848,2,23,D,3,8222x6243 rep2,F8,1.28,1.1,0.95,TJE,
692,2,23,D,4,6216x6258 rep1,F8,1.87,1.8,1.74,TJE,
560,2,23,D,5,6166x7519 rep1,F8,2.52,2.58,2.5,TJE,
239,2,23,D,6,6039x5835 rep2,F8,1.94,1.99,1.98,TJE,
1196,2,23,E,1,9434x6177 rep2,F8,1.71,1.72,1.65,TJE,
479,2,23,E,2,6134x6013 rep2,F8,0.87,0.95,0.8,TJE,
1139,2,23,E,3,9407x6040 rep1,F8,1.14,1.14,1.23,TJE,
425,2,23,E,4,6124x6184 rep2,F8,2.28,2.33,2.18,TJE,
356,2,23,E,5,6100x6069 rep1,F8,3.51,3.67,3.78,TJE,
1181,2,23,E,6,9427x8387 rep1,F8,2.87,2.91,2.67,TJE,
635,2,23,F,1,6193x9394 rep2,F8,1.07,1.07,0.99,TJE,
743,2,23,F,2,6241x1552 rep1,F8,0.45,0.49,0.45,TJE,
1247,2,23,F,3,9471x9450 rep1,F8,0,0,0,TJE,
1163,2,23,F,4,9413x8423 rep1,F8,1.98,2.03,2.07,TJE,
833,2,23,F,5,7517x6284 rep1,F8,6.18,5.74,5.97,TJE,
1172,2,23,F,6,9416x6086 rep2,F8,2.06,2.19,1.92,TJE,
293,2,23,G,1,6074x9421 rep1,F8,0,0,0,TJE,
398,2,23,G,2,6112x6166 rep2,F8,1.59,1.72,1.46,TJE,
719,2,23,G,3,6231x6039 rep1,F8,1.54,1.55,1.4,TJE,
1733,2,23,G,4,8242,parent,0.61,0.62,0.57,TJE,
161,2,23,G,5,6017x9392 rep1,F8,0,0,0,TJE,
1061,2,23,G,6,9381x6198 rep1,F8,2.8,2.7,2.67,TJE,
1229,2,23,H,1,9454x1363 rep1,F8,0.8,0.88,0.74,TJE,
947,2,23,H,2,8376x6201 rep1,F8,0,0,0,TJE,
236,2,23,H,3,6039x5835 rep1,F8,2.39,2.66,2.23,TJE,
308,2,23,H,4,6085x9409 rep2,F8,1.65,1.7,1.5,TJE,
1241,2,23,H,5,9470x6107 rep1,F8,1.57,1.41,1.46,TJE,
1442,2,23,H,6,6088,parent,1.42,1.5,1.35,TJE,
1244,2,24,A,1,9470x6107 rep2,F8,0.66,0.71,0.66,TJE,
578,2,24,A,2,6172x6148 rep1,F8,1.22,1.15,1.26,TJE,
272,2,24,A,3,6069x9470 rep1,F8,0.72,0.69,0.64,TJE,
881,2,24,A,4,8241x1137 rep1,F8,1.66,1.52,1.54,TJE,
767,2,24,A,5,6255x6136 rep1,F8,0.8,0.74,0.67,TJE,
1700,2,24,A,6,6965,parent,0,0,0,TJE,
590,2,24,B,1,6177x6023 rep1,F8,1.32,1.25,1.33,TJE,
1532,2,24,B,2,6134,parent,1.88,1.99,2,TJE,
1028,2,24,B,3,9352x8422 rep2,F8,1.71,1.49,1.54,TJE,
86,2,24,B,4,1552x1158 rep1,F8,1.61,1.63,1.74,TJE,
122,2,24,B,5,5835x9058 rep1,F8,0,0,0,TJE,
644,2,24,B,6,6195x1074 rep1,F8,0,0,0,TJE,
419,2,24,C,1,6122x6252 rep2,F8,1.13,1.16,1.19,TJE,
1916,2,24,C,2,9455,parent,1.56,1.64,1.74,TJE,
428,2,24,C,3,6125x6099 rep1,F8,1.81,1.9,1.62,TJE,
518,2,24,C,4,6148x6138 rep1,F8,1.41,1.21,1.35,TJE,
380,2,24,C,5,6107x6128 rep1,F8,1.79,1.84,1.97,TJE,
770,2,24,C,6,6255x6136 rep2,F8,1.39,1.21,1.36,TJE,
1859,2,24,D,1,9402,parent,0,0,0,TJE,
179,2,24,D,2,6021x9407 rep1,F8,2.52,2.68,2.31,TJE,
173,2,24,D,3,6020x6030 rep1,F8,2.78,2.79,2.93,TJE,
662,2,24,D,4,6201x9399 rep1,F8,3.19,2.79,2.8,TJE,
1769,2,24,D,5,8387,parent,1.5,1.26,1.31,TJE,
665,2,24,D,6,6201x9399 rep2,F8,1.25,1.08,1.08,TJE,
89,2,24,E,1,1552x1158 rep2,F8,2.29,2.28,2.5,TJE,
338,2,24,E,2,6094x9369 rep2,F8,2.36,2.24,2.37,TJE,
1016,2,24,E,3,9336x6220 rep2,F8,3.12,3.3,3.37,TJE,
1562,2,24,E,4,6151,parent,0.34,0.34,0.3,TJE,
1898,2,24,E,5,9437,parent,2.64,2.83,3.02,TJE,
1103,2,24,E,6,9392x6073 rep1,F8,1.51,1.4,1.42,TJE,
446,2,24,F,1,6128x9413 rep1,F8,2.59,2.88,2.68,TJE,
461,2,24,F,2,6132x6255 rep2,F8,2.21,2.23,2.11,TJE,
788,2,24,F,3,6284x5830 rep2,F8,2.77,2.91,2.67,TJE,
56,2,24,F,4,1257x8334 rep1,F8,4.4,4.58,5.22,TJE,
215,2,24,F,5,6034x6231 rep2,F8,2.12,2.28,2.5,TJE,
1766,2,24,F,6,8386,parent,1.83,1.78,2.04,TJE,
944,2,24,G,1,8369x6132 rep2,F8,1.29,1.34,1.23,TJE,
1190,2,24,G,2,9433x6030 rep2,F8,2.12,2.1,2.19,TJE,
1634,2,24,G,3,6210,parent,1.33,1.51,1.43,TJE,
974,2,24,G,4,8423x8240 rep2,F8,3.15,3.65,3.74,TJE,
1901,2,24,G,5,9450,parent,1.81,1.91,2.22,TJE,
1520,2,24,G,6,6128,parent,1.8,1.56,1.64,TJE,
704,2,24,H,1,6218x6043 rep1,F8,0,0,0,TJE,
1811,2,24,H,2,9356,parent,1.31,1.33,1.37,TJE,
254,2,24,H,3,6043x9453 rep1,F8,3.8,3.16,2.94,TJE,
1913,2,24,H,4,9454,parent,2.69,2.79,3.07,TJE,
1934,2,24,H,5,992,parent,0.44,0.45,0.48,TJE,
701,2,24,H,6,6217x6126 rep2,F8,2.32,2.29,2.17,TJE,
602,2,25,A,1,6184x6025 rep1,F8,1.02,1.15,1.08,TJE,
488,2,25,A,2,6137x5867 rep1,F8,2.3,2.57,2.56,TJE,
827,2,25,A,3,6974x6198 rep1,F8,1.56,1.59,1.52,TJE,
1796,2,25,A,4,9336,parent,1.06,0.95,0.93,TJE,
932,2,25,A,5,8334x8231 rep2,F8,1.01,0.97,1.01,TJE,
1706,2,25,A,6,7517,parent,0,0,0,TJE,
317,2,25,B,1,6088x9386 rep1,F8,2.55,2.59,2.47,TJE,
1010,2,25,B,2,9332x6413 rep2,F8,0.67,0.68,0.67,TJE,
1694,2,25,B,3,6917,parent,0,0,0,TJE,
1889,2,25,B,4,9427,parent,0.95,0.94,0.9,TJE,
1742,2,25,B,5,9369x9434_rep2,parent,2.78,2.74,2.34,TJE,
1547,2,25,B,6,6142,parent,1.55,1.72,1.76,TJE,
377,2,25,C,1,6106x6071 rep2,F8,2.47,2.35,2.43,TJE,
548,2,25,C,2,6163x6111 rep1,F8,2.71,2.93,3.3,TJE,
986,2,25,C,3,9057x9382 rep2,F8,1.6,1.48,1.58,TJE,
878,2,25,C,4,8240x6036 rep2,F8,1.84,1.93,1.95,TJE,
1394,2,25,C,5,6036,parent,1.1,1.08,1.02,TJE,
206,2,25,C,6,6030x992 rep1,F8,2.36,2.24,2.45,TJE,
1820,2,25,D,1,9371,parent,0,0,0,TJE,
203,2,25,D,2,6025x6046 rep2,F8,2.29,2.08,2.12,TJE,
17,2,25,D,3,1061x6131 rep2,F8,1.73,1.83,1.88,TJE,
263,2,25,D,4,6046x6191 rep2,F8,3.1,3.25,3.33,TJE,
1094,2,25,D,5,9391x5867 rep2,F8,1.41,1.52,1.68,TJE,
83,2,25,D,6,1435x6240 rep2,F8,1.33,1.46,1.49,TJE,
1388,2,25,E,1,6034,parent,2.5,2.86,2.45,TJE,
1040,2,25,E,2,9356x6094 rep2,F8,2.64,2.7,2.67,TJE,
620,2,25,E,3,6192x1062 rep1,F8,2.51,2.78,2.69,TJE,
323,2,25,E,4,6090x9416 rep1,F8,3.66,3.83,4.19,TJE,
1736,2,25,E,5,8247,parent,2.71,2.37,2.36,TJE,
1922,2,25,E,6,9471,parent,1.06,1.06,1.13,TJE,
1880,2,25,F,1,9413,parent,2.43,2.27,2.32,TJE,
1052,2,25,F,2,9371x6021 rep2,F8,3.07,3.01,2.91,TJE,
695,2,25,F,3,6216x6258 rep2,F8,1.5,1.53,1.7,TJE,
1118,2,25,F,4,9399x6097 rep2,F8,2.83,3.01,3.13,TJE,
1715,2,25,F,5,8227,parent,2.98,2.9,3.06,TJE,
1655,2,25,F,6,6237,parent,0,0,0,TJE,
1385,2,25,G,1,6030,parent,2.06,2.24,2.39,TJE,
971,2,25,G,2,8423x8240 rep1,F8,2.11,2.05,1.93,TJE,
920,2,25,G,3,8283x9471 rep2,F8,2.84,2.83,2.97,TJE,
14,2,25,G,4,1061x6131 rep1,F8,2.07,1.88,1.91,TJE,
1514,2,25,G,5,6126,parent,1.6,1.69,1.64,TJE,
1505,2,25,G,6,6122,parent,1.41,1.41,1.47,TJE,
536,2,25,H,1,6151x9408 rep1,F8,2.32,2.41,2.63,TJE,
818,2,25,H,2,6965x9412 rep2,F8,2.6,2.57,2.6,TJE,
1271,2,25,H,3,992x9332 rep1,F8,0.72,0.68,0.6,TJE,
1043,2,25,H,4,9363x6070 rep1,F8,1.99,1.8,1.88,TJE,
242,2,25,H,5,6040x6041 rep1,F8,2.42,2.71,2.8,TJE,
884,2,25,H,6,8241x1137 rep2,F8,3.31,2.79,2.75,TJE,
905,2,26,A,1,8258x6115 rep1,F8,1.59,1.62,1.64,TJE,
572,2,26,A,2,6171x6074 rep1,F8,1.35,1.17,1.28,TJE,
1064,2,26,A,3,9381x6198 rep2,F8,1.66,1.63,1.71,TJE,
1679,2,26,A,4,6258,parent,0.05,0.05,0.05,TJE,
59,2,26,A,5,1257x8334 rep2,F8,1.4,1.35,1.42,TJE,
107,2,26,A,6,5829x9336 rep2,F8,1.24,1.33,1.22,TJE,
1853,2,26,B,1,9395,parent,0.47,0.55,0.55,TJE,
899,2,26,B,2,8256x8376 rep1,F8,2.29,2.29,2.42,TJE,
1391,2,26,B,3,6035,parent,0.41,0.48,0.42,TJE,
893,2,26,B,4,8247x6154 rep1,F8,0.94,0.99,1.04,TJE,
1340,2,26,B,5,5831,parent,0.79,0.81,0.94,TJE,
1823,2,26,B,6,9380,parent,0.59,0.63,0.59,TJE,
224,2,26,C,1,6036x1318 rep1,F8,1.51,1.19,1.2,TJE,
1625,2,26,C,2,6202,parent,0,0,0,TJE,
1829,2,26,C,3,9382,parent,0.8,0.79,0.77,TJE,
401,2,26,C,4,6114x9381 rep1,F8,1.61,1.45,1.62,TJE,
332,2,26,C,5,6092x6125 rep2,F8,1.17,1.13,1.26,TJE,
1712,2,26,C,6,8222,parent,0.29,0.28,0.3,TJE,
125,2,26,D,1,5835x9058 rep2,F8,2.08,2.12,2.19,TJE,
941,2,26,D,2,8369x6132 rep1,F8,1.02,1.01,1.01,TJE,
287,2,26,D,3,6071x6145 rep2,F8,1.42,1.51,1.56,TJE,
1319,2,26,D,4,1367,parent,0,0,0,TJE,
1445,2,26,D,5,6090,parent,1.07,1.06,1.13,TJE,
1175,2,26,D,6,9421x8256 rep1,F8,0.78,0.83,0.93,TJE,
2,2,26,E,1,1002x6038 rep1,F8,2.12,2.1,2.22,TJE,
1169,2,26,E,2,9416x6086 rep1,F8,1.89,1.88,1.94,TJE,
1772,2,26,E,3,8422,parent,0.18,0.15,0.16,TJE,
218,2,26,E,4,6035x9433 rep1,F8,0.51,0.47,0.6,TJE,
185,2,26,E,5,6023x9380 rep1,F8,0.89,0.82,0.88,TJE,
902,2,26,E,6,8256x8376 rep2,F8,1.92,1.97,1.98,TJE,
809,2,26,F,1,6918x9323 rep1,F8,1.09,1.14,1.09,TJE,
155,2,26,F,2,6013x8241 rep1,F8,1.48,1.36,1.21,TJE,
863,2,26,F,3,8231x8386 rep1,F8,1.77,1.84,1.96,TJE,
722,2,26,F,4,6231x6039 rep2,F8,1.32,1.35,1.47,TJE,
1673,2,26,F,5,6252,parent,0,0,0,TJE,
1337,2,26,F,6,5830,parent,1.05,0.95,0.92,TJE,
470,2,26,G,1,6133x6917 rep1,F8,0.52,0.47,0.48,TJE,
1001,2,26,G,2,9323x8369 rep1,F8,1.33,1.26,1.2,TJE,
326,2,26,G,3,6090x9416 rep2,F8,1.96,1.59,2.01,TJE,
407,2,26,G,4,6115x1585 rep1,F8,1.27,1.26,1.38,TJE,
1862,2,26,G,5,9404,parent,1.04,1.16,1.19,TJE,
1568,2,26,G,6,6154,parent,2.24,2.32,2.09,TJE,
1703,2,26,H,1,6974,parent,1.53,1.69,1.75,TJE,
1154,2,26,H,2,9409x6104 rep2,F8,1.19,1.34,1.21,TJE,
1265,2,26,H,3,991x6210 rep1,F8,1.02,1.11,1.08,TJE,
491,2,26,H,4,6137x5867 rep2,F8,2.01,2.05,2.04,TJE,
260,2,26,H,5,6046x6191 rep1,F8,2.03,2.02,2.37,TJE,
29,2,26,H,6,1063x1435 rep2,F8,0.53,0.48,0.46,TJE,
1256,2,27,A,1,9476x991 rep2,F8,0.8,0.74,0.78,TJE,
1409,2,27,A,2,6043,parent,1.81,1.78,1.89,TJE,
1844,2,27,A,3,9391,parent,0.42,0.42,0.37,TJE,
1073,2,27,A,4,9386x6171 rep1,F8,1.73,1.78,1.82,TJE,
785,2,27,A,5,6284x5830 rep1,F8,1.771.14,1.13,1.09,TJE,
1211,2,27,A,6,9451x9437 rep1,F8,1.67,1.76,1.8,TJE,
1460,2,27,B,1,6099,parent,1.96,1.73,1.88,TJE,
950,2,27,B,2,8376x6201 rep2,F8,2.44,2.11,2.08,TJE,
914,2,27,B,3,8259x6217 rep2,F8,1.2,1.22,1.35,TJE,
1292,2,27,B,4,1063,parent,1.34,1.35,1.34,TJE,
1451,2,27,B,5,6094,parent,2.02,1.88,1.73,TJE,
1616,2,27,B,6,6197,parent,0.43,0.43,0.39,TJE,
458,2,27,C,1,6132x6255 rep1,F8,0,0,0,TJE,
677,2,27,C,2,6203x9321 rep2,F8,2.64,2.81,2.76,TJE,
11,2,27,C,3,1002x6244 rep2,F8,2.23,2.19,2.09,TJE,
638,2,27,C,4,6194x1061 rep1,F8,1.31,1.28,1.35,TJE,
1667,2,27,C,5,6243,parent,1.67,1.68,1.88,TJE,
998,2,27,C,6,9321x6189 rep2,F8,2.1,2.25,2.37,TJE,
1757,2,27,D,1,8351,parent,2.07,2.11,1.92,TJE,
1466,2,27,D,2,6102,parent,0.05,0.05,0.05,TJE,
1787,2,27,D,3,9321,parent,0.52,0.59,0.58,TJE,
1370,2,27,D,4,6020,parent,1.68,1.68,1.62,TJE,
737,2,27,D,5,6240x5831 rep1,F8,0.79,0.73,0.74,TJE,
1613,2,27,D,6,6195,parent,2.19,2.23,2.01,TJE,
143,2,27,E,1,5867x6913 rep2,F8,2.72,2.57,3.16,TJE,
473,2,27,E,2,6133x6917 rep2,F8,0,0,0,TJE,
353,2,27,E,3,6099x9394 rep2,F8,1.39,1.35,1.53,TJE,
1748,2,27,E,4,8283,parent,1.86,1.74,1.83,TJE,
1082,2,27,E,5,9388x9057 rep2,F8,2.49,2.73,2.48,TJE,
605,2,27,E,6,6184x6025 rep2,F8,2.11,1.99,2.25,TJE,
290,2,27,F,1,6073x9476 rep2,F8,4.26,4.3,4.52,TJE,
1145,2,27,F,2,9408x9352 rep1,F8,2.19,1.99,2.16,TJE,
110,2,27,F,3,5830x6085 rep1,F8,2.98,3.09,2.87,TJE,
23,2,27,F,4,1062x6108 rep2,F8,2.55,2.59,2.64,TJE,
1760,2,27,F,5,8369,parent,1.12,1.12,1.06,TJE,
1607,2,27,F,6,6193,parent,2.26,2.33,2.52,TJE,
1637,2,27,G,1,6216,parent,0,0,0,TJE,
908,2,27,G,2,8258x6115 rep2,F8,2.68,3.02,3.25,TJE,
233,2,27,G,3,6038x6039 rep2,F8,3.33,3.77,3.67,TJE,
1373,2,27,G,4,6021,parent,3.9,4.12,4.21,TJE,
1436,2,27,G,5,6085,parent,0,0,0,TJE,
1790,2,27,G,6,9323,parent,1.6,1.62,1.53,TJE,
1079,2,27,H,1,9388x9057 rep1,F8,2.15,2.12,2.43,TJE,
1727,2,27,H,2,8240,parent,2.46,2.52,2.5,TJE,
1022,2,27,H,3,9343x8259 rep2,F8,3.54,3.92,4.28,TJE,
599,2,27,H,4,6180x1317 rep2,F8,2.12,1.93,2.11,TJE,
8,2,27,H,5,1002x6244 rep1,F8,2.92,2.93,3,TJE,
1496,2,27,H,6,6114,parent,1.21,1.29,1.37,TJE,
431,2,28,A,1,6125x6099 rep2,F8,0,0,0,TJE,
1376,2,28,A,2,6023,parent,0.88,0.93,0.84,TJE,
1334,2,28,A,3,5829,parent,0.22,0.21,0.18,TJE,
1751,2,28,B,1,8307,parent,1.32,1.3,1.43,TJE,
1883,2,28,B,2,9416,parent,0.72,0.69,0.66,TJE,
1580,2,28,B,3,6171,parent,1.6,1.46,1.48,TJE,
1658,2,28,C,1,6238,parent,0.72,0.79,0.83,TJE,
1511,2,28,C,2,6125,parent,0,0,0,TJE,
647,2,28,C,3,6195x1074 rep2,F8,2.3,2.44,2.32,TJE,
1598,2,28,D,1,6189,parent,3.58,3.85,4.43,TJE,
1793,2,28,D,2,9332,parent,0.98,0.96,0.93,TJE,
386,2,28,D,3,6108x6192 rep2,F8,4,4.23,4.04,TJE,
416,2,28,E,1,6118x8227 rep2,F8,2.96,2.89,2.98,TJE,
1238,2,28,E,2,9455x9371 rep2,F8,3.32,3.18,3.31,TJE,
962,2,28,E,3,8387x6238 rep2,F8,3.26,3.31,3.16,TJE,
1571,2,28,F,1,6163,parent,3.38,3.53,3.45,TJE,
917,2,28,F,2,8283x9471 rep1,F8,1.63,1.71,1.79,TJE,
1670,2,28,F,3,6244,parent,2.2,2.17,2.1,TJE,
1874,2,28,G,1,9409,parent,1.59,1.55,1.56,TJE,
680,2,28,G,2,6209x6151 rep1,F8,1.2,1.22,1.21,TJE,
1301,2,28,H,1,1158,parent,0.37,0.34,0.23,TJE,
20,2,28,H,2,1062x6108 rep1,F8,1.8,1.84,1.78,TJE,
1812,3,29,A,1,9356,parent,1.51,1.18,0.92,AMM+TDM,
165,3,29,A,2,6017x9392 rep2,F8,1.18,1.35,1.39,AMM+TDM,
798,3,29,A,3,6913x6149 rep1,F8,0.66,0.72,0.81,AMM+TDM,
243,3,29,A,4,6040x6041 rep1,F8,1.5,1.51,1.73,AMM+TDM,
45,3,29,A,5,1158x6092 rep1,F8,0.77,0.59,0.64,AMM+TDM,
1029,3,29,A,6,9352x8422 rep2,F8,3.39,3.34,3.13,AMM+TDM,
1929,3,29,B,1,9481,parent,0,0,0,AMM+TDM,
249,3,29,B,2,6041x6153 rep1,F8,2.65,2.74,3.15,AMM+TDM,
852,3,29,B,3,8227x6216 rep1,F8,2.18,2.17,2.1,AMM+TDM,
1191,3,29,B,4,9433x6030 rep2,F8,2.39,2.44,2.58,AMM+TDM,
1149,3,29,B,5,9408x9352 rep2,F8,3.05,3.84,3.08,AMM+TDM,
711,3,29,B,6,6220x9339 rep1,F8,2.62,2.75,2.87,AMM+TDM,
1263,3,29,C,1,9481x9399 rep2,F8,4.07,4.27,4.35,AMM+TDM,
288,3,29,C,2,6071x6145 rep2,F8,3.22,3.23,3.14,AMM+TDM,
504,3,29,C,3,6140x9388 rep2,F8,2.3,2.37,2.36,AMM+TDM,
363,3,29,C,4,6104x6034 rep1,F8,2.91,2.77,2.99,AMM+TDM,
1635,3,29,C,5,6210,parent,2.25,2.03,2.07,AMM+TDM,some local lesions that are not recognised as green
420,3,29,C,6,6122x6252 rep2,F8,2.23,2.26,2.15,AMM+TDM,
48,3,29,D,1,1158x6092 rep2,F8,2.66,2.27,2.23,AMM+TDM,
564,3,29,D,2,6166x7519 rep2,F8,0,0,0,AMM+TDM,
381,3,29,D,3,6107x6128 rep1,F8,3.42,3.12,3.47,AMM+TDM,
1641,3,29,D,4,6217,parent,1.1,0.96,0.99,AMM+TDM,some local lesions that are not recognised as green
615,3,29,D,5,6191x6965 rep1,F8,4.62,4.61,4.97,AMM+TDM,
726,3,29,D,6,6237x6090 rep1,F8,6.37,6.48,7.11,AMM+TDM,leaves over cardboard
1110,3,29,E,1,9395x9454 rep1,F8,4.08,4.09,3.74,AMM+TDM,
528,3,29,E,2,6149x9395 rep2,F8,4.11,3.56,3.57,AMM+TDM,
1356,3,29,E,3,6011,parent,3.3,2.94,3.03,AMM+TDM,
1107,3,29,E,4,9392x6073 rep2,F8,3.6,3.79,4.24,AMM+TDM,
84,3,29,E,5,1435x6240 rep2,F8,2.04,2.2,2.55,AMM+TDM,
1632,3,29,E,6,6209,parent,3.06,3.29,3.12,AMM+TDM,
1893,3,29,F,1,9433,parent,3.05,2.69,2.52,AMM+TDM,
1590,3,29,F,2,6177,parent,6.52,6.72,6.59,AMM+TDM,
684,3,29,F,3,6209x6151 rep2,F8,1.3,1.3,1.04,AMM+TDM,
1860,3,29,F,4,9402,parent,0,0,0,AMM+TDM,
96,3,29,F,5,1585x9427 rep2,F8,1.31,1.3,1.17,AMM+TDM,
1500,3,29,F,6,6115,parent,1.06,1.06,0.99,AMM+TDM,
1140,3,29,G,1,9407x6040 rep1,F8,2.54,2.69,2.26,AMM+TDM,
1905,3,29,G,2,9451,parent,2.2,1.93,1.89,AMM+TDM,
921,3,29,G,3,8283x9471 rep2,F8,3.22,3.14,2.75,AMM+TDM,
1695,3,29,G,4,6917,parent,0,0,0,AMM+TDM,
1614,3,29,G,5,6195,parent,4.01,3.59,3.42,AMM+TDM,
1482,3,29,G,6,6108,parent,4.62,4.34,4.37,AMM+TDM,
1857,3,29,H,1,9399,parent,3.12,2.87,2.46,AMM+TDM,
1836,3,29,H,2,9386,parent,1.86,1.71,1.75,AMM+TDM,
1839,3,29,H,3,9388,parent,1.64,1.46,1.47,AMM+TDM,
1872,3,29,H,4,9408,parent,2.78,2.51,2.85,AMM+TDM,
468,3,29,H,5,6133x6020 rep2,F8,4.15,3.74,3.87,AMM+TDM,
951,3,29,H,6,8376x6201 rep2,F8,0,0,0,AMM+TDM,
1239,3,30,A,1,9455x9371 rep2,F8,1.29,1.24,1.18,AMM+TDM,
849,3,30,A,2,8222x6243 rep2,F8,1.29,1.37,1.37,AMM+TDM,
1416,3,30,A,3,6064,parent,0,0,0,AMM+TDM,
1557,3,30,A,4,6149,parent,1.02,1.05,0.96,AMM+TDM,
1542,3,30,A,5,6138,parent,0.48,0.52,0.49,AMM+TDM,
1536,3,30,A,6,6136,parent,1.72,1.75,1.64,AMM+TDM,
549,3,30,B,1,6163x6111 rep1,F8,2.76,2.86,2.7,AMM+TDM,
687,3,30,B,2,6210x6134 rep1,F8,0.24,0.26,0.28,AMM+TDM,
552,3,30,B,3,6163x6111 rep2,F8,0.56,0.57,0.52,AMM+TDM,
576,3,30,B,4,6171x6074 rep2,F8,2.27,2.82,2.53,AMM+TDM,
33,3,30,B,5,1137x1074 rep1,F8,4.69,4.89,4.74,AMM+TDM,
1779,3,30,B,6,8426,parent,1.85,2.08,1.89,AMM+TDM,
585,3,30,C,1,6173x9383 rep1,F8,1.76,1.93,1.86,AMM+TDM,
360,3,30,C,2,6100x6069 rep2,F8,3.02,3.03,3.07,AMM+TDM,
957,3,30,C,3,8386x6241 rep2,F8,1.6,1.53,1.43,AMM+TDM,
156,3,30,C,4,6013x8241 rep1,F8,2.15,2.23,2.09,AMM+TDM,
768,3,30,C,5,6255x6136 rep1,F8,2.21,2.25,2.22,AMM+TDM,
1284,3,30,C,6,1002,parent,0,0,0,AMM+TDM,
1833,3,30,D,1,9383,parent,1.45,1.47,1.43,AMM+TDM,
39,3,30,D,2,1137x6237 rep1,F8,1.81,1.76,1.84,AMM+TDM,
66,3,30,D,3,1317x6276 rep2,F8,5.49,5.45,5.54,AMM+TDM,
747,3,30,D,4,6241x1552 rep2,F8,4.03,4.64,4.35,AMM+TDM,
1560,3,30,D,5,6150,parent,1.62,1.6,1.59,AMM+TDM,
990,3,30,D,6,9058x6112 rep1,F8,4,4.2,4.33,AMM+TDM,
1374,3,30,E,1,6021,parent,5.31,5.6,5.46,AMM+TDM,
1299,3,30,E,2,1137,parent,0.09,0.09,0.09,AMM+TDM,
1761,3,30,E,3,8369,parent,1.31,1.46,1.47,AMM+TDM,
960,3,30,E,4,8387x6238 rep1,F8,1.11,1.09,1.1,AMM+TDM,
1083,3,30,E,5,9388x9057 rep2,F8,3.26,3.42,3.43,AMM+TDM,
900,3,30,E,6,8256x8376 rep1,F8,4.69,4.54,4.87,AMM+TDM,
1797,3,30,F,1,9336,parent,3.52,3.15,3.25,AMM+TDM,
1548,3,30,F,2,6142,parent,1.42,1.75,1.68,AMM+TDM,
1503,3,30,F,3,6118,parent,1.48,1.52,1.51,AMM+TDM,
1917,3,30,F,4,9455,parent,3.8,3.78,4.21,AMM+TDM,
570,3,30,F,5,6169x8230 rep2,F8,0.92,0.94,1.04,AMM+TDM,
372,3,30,F,6,6105x5829 rep2,F8,5.48,5.76,6.02,AMM+TDM,
87,3,30,G,1,1552x1158 rep1,F8,2.6,2.34,2.36,AMM+TDM,
1794,3,30,G,2,9332,parent,2.53,2.46,2.7,AMM+TDM,
663,3,30,G,3,6201x9399 rep1,F8,3.69,3.98,4.4,AMM+TDM,
387,3,30,G,4,6108x6192 rep2,F8,4.85,4.57,4.95,AMM+TDM,
1626,3,30,G,5,6202,parent,2.3,2.33,2.57,AMM+TDM,
1488,3,30,G,6,6111,parent,3.86,3.84,4.02,AMM+TDM,
1764,3,30,H,1,8376,parent,2.74,2.61,2.62,AMM+TDM,
1401,3,30,H,2,6039,parent,3.07,3.09,2.88,AMM+TDM,
1344,3,30,H,3,5835,parent,0.06,0.06,0.08,AMM+TDM,
1566,3,30,H,4,6153,parent,3.15,2.95,3.25,AMM+TDM,
1623,3,30,H,5,6201,parent,3.23,3.3,3.35,AMM+TDM,
1515,3,30,H,6,6126,parent,1.2,1.19,1.21,AMM+TDM,
1014,3,31,A,1,9336x6220 rep1,F8,0.83,0.9,0.89,AMM+TDM,
1803,3,31,A,2,9343,parent,0,0,0,AMM+TDM,
207,3,31,A,3,6030x992 rep1,F8,2.49,2.9,2.95,AMM+TDM,
1341,3,31,A,4,5831,parent,0.69,0.79,0.8,AMM+TDM,
1095,3,31,A,5,9391x5867 rep2,F8,1.83,2.11,1.93,AMM+TDM,
561,3,31,A,6,6166x7519 rep1,F8,2.84,3.07,3.05,AMM+TDM,
702,3,31,B,1,6217x6126 rep2,F8,3.38,3.27,3.24,AMM+TDM,
609,3,31,B,2,6189x6220 rep1,F8,2.62,2.5,2.54,AMM+TDM,
1410,3,31,B,3,6043,parent,2.47,2.73,2.4,AMM+TDM,
1563,3,31,B,4,6151,parent,1.1,1.14,1.12,AMM+TDM,
1026,3,31,B,5,9352x8422 rep1,F8,3.51,3.29,3.4,AMM+TDM,
897,3,31,B,6,8247x6154 rep2,F8,0,0,0,AMM+TDM,
1506,3,31,C,1,6122,parent,1.5,1.68,1.64,AMM+TDM,
1281,3,31,C,2,997x8307 rep2,F8,3.02,3.23,3.21,AMM+TDM,
267,3,31,C,3,6064x9404 rep1,F8,4.68,5.19,4.94,AMM+TDM,
1260,3,31,C,4,9481x9399 rep1,F8,4.35,4.63,4.82,AMM+TDM,
60,3,31,C,5,1257x8334 rep2,F8,4.31,4.7,4.34,AMM+TDM,
1395,3,31,C,6,6036,parent,1.92,2.11,1.92,AMM+TDM,
411,3,31,D,1,6115x1585 rep2,F8,3.3,3.33,2.97,AMM+TDM,
198,3,31,D,2,6024x6124 rep2,F8,3.46,3.49,3.32,AMM+TDM,
426,3,31,D,3,6124x6184 rep2,F8,2.26,2.21,2.26,AMM+TDM,
1644,3,31,D,4,6218,parent,1.75,1.83,1.84,AMM+TDM,
1338,3,31,D,5,5830,parent,2.5,2.29,2.34,AMM+TDM,
1017,3,31,D,6,9336x6220 rep2,F8,5.08,5.17,5.31,AMM+TDM,
1176,3,31,E,1,9421x8256 rep1,F8,2.07,2.11,2.23,AMM+TDM,
1680,3,31,E,2,6258,parent,0.31,0.31,0.34,AMM+TDM,
345,3,31,E,3,6097x1318 rep2,F8,3.04,3.12,2.87,AMM+TDM,
723,3,31,E,4,6231x6039 rep2,F8,3.34,3.58,3.53,AMM+TDM,
654,3,31,E,5,6197x6127 rep2,F8,2.84,3.18,3.05,AMM+TDM,
42,3,31,E,6,1137x6237 rep2,F8,7.65,7.53,8.13,AMM+TDM,
1071,3,31,F,1,9382x6035 rep2,F8,4.33,4.69,4.66,AMM+TDM,
1089,3,31,F,2,9390x8283 rep2,F8,2.58,2.59,2.67,AMM+TDM,
1914,3,31,F,3,9454,parent,0,0,0,AMM+TDM,
1869,3,31,F,4,9407,parent,1.84,1.84,1.96,AMM+TDM,
1404,3,31,F,5,6040,parent,1.41,1.3,1.35,AMM+TDM,
1740,3,31,F,6,8256,parent,0,0,0,AMM+TDM,
843,3,31,G,1,7519x6111 rep2,F8,6.33,6.55,7.96,AMM+TDM,
444,3,31,G,2,6127x6918 rep2,F8,2.61,2.62,2.75,AMM+TDM,
1233,3,31,G,3,9454x1363 rep2,F8,0,0,0,AMM+TDM,
783,3,31,G,4,6276x9363 rep2,F8,0,0,0,AMM+TDM,
543,3,31,G,5,6154x6221 rep1,F8,0.83,0.88,0.93,AMM+TDM,
507,3,31,G,6,6142x7517 rep1,F8,4.29,4.61,4.63,AMM+TDM,
102,3,31,H,1,175x6913 rep2,F8,3.64,3.54,4.04,AMM+TDM,
1464,3,31,H,2,6100,parent,0,0,0,AMM+TDM,
1182,3,31,H,3,9427x8387 rep1,F8,3.87,3.47,3.67,AMM+TDM,
1023,3,31,H,4,9343x8259 rep2,F8,2.89,2.77,2.89,AMM+TDM,
1248,3,31,H,5,9471x9450 rep1,F8,2.3,2.17,2.33,AMM+TDM,
408,3,31,H,6,6115x1585 rep1,F8,2.86,2.57,2.97,AMM+TDM,
1473,3,32,A,1,6105,parent,0.37,0.36,0.41,AMM+TDM,
756,3,32,A,2,6244x6173 rep1,F8,2.65,2.71,2.95,AMM+TDM,
1167,3,32,A,3,9413x8423 rep2,F8,1.75,1.8,1.76,AMM+TDM,
1920,3,32,A,4,9470,parent,0,0,0,AMM+TDM,
126,3,32,A,5,5835x9058 rep2,F8,1.4,1.55,1.76,AMM+TDM,
1371,3,32,A,6,6020,parent,0.33,0.32,0.39,AMM+TDM,
213,3,32,B,1,6034x6231 rep1,F8,3.5,3.3,3.13,AMM+TDM,
1275,3,32,B,2,992x9332 rep2,F8,4.35,3.94,4.36,AMM+TDM,
855,3,32,B,3,8227x6216 rep2,F8,0,0,0,AMM+TDM,
1413,3,32,B,4,6046,parent,0.36,0.39,0.43,AMM+TDM,
1785,3,32,B,5,9058,parent,0,0,0,AMM+TDM,
1212,3,32,B,6,9451x9437 rep1,F8,2.23,2.65,2.85,AMM+TDM,
1278,3,32,C,1,997x8307 rep1,F8,3.42,3.9,3.84,AMM+TDM,
1842,3,32,C,2,9390,parent,2.95,3.26,3.45,AMM+TDM,
657,3,32,C,3,6198x6118 rep1,F8,1.4,1.47,1.7,AMM+TDM,
1752,3,32,C,4,8307,parent,2.2,2.35,2.51,AMM+TDM,
1434,3,32,C,5,6076,parent,1.63,1.73,1.95,AMM+TDM,
573,3,32,C,6,6171x6074 rep1,F8,1.09,1.18,1.27,AMM+TDM,
600,3,32,D,1,6180x1317 rep2,F8,2.9,3.1,3.21,AMM+TDM,
1203,3,32,D,2,9437x6197 rep2,F8,5.9,5.7,5.53,AMM+TDM,
795,3,32,D,3,6413x8351 rep2,F8,3.61,3.38,3.52,AMM+TDM,
909,3,32,D,4,8258x6115 rep2,F8,2.48,2.56,2.5,AMM+TDM,
534,3,32,D,5,6150x6218 rep2,F8,1.77,1.99,2.04,AMM+TDM,
1242,3,32,D,6,9470x6107 rep1,F8,2.82,2.78,2.55,AMM+TDM,
789,3,32,E,1,6284x5830 rep2,F8,4.19,4.55,4.43,AMM+TDM,
1251,3,32,E,2,9471x9450 rep2,F8,2.42,2.75,2.74,AMM+TDM,
90,3,32,E,3,1552x1158 rep2,F8,0,0,0,AMM+TDM,
1458,3,32,E,4,6098,parent,1.56,1.6,1.52,AMM+TDM,
624,3,32,E,5,6192x1062 rep2,F8,2.92,3.29,3.24,AMM+TDM,
159,3,32,E,6,6013x8241 rep2,F8,1.8,1.99,2.11,AMM+TDM,
69,3,32,F,1,1318x6035 rep1,F8,4.84,5.36,5.09,AMM+TDM,
1431,3,32,F,2,6074,parent,0,0,0,AMM+TDM,
279,3,32,F,3,6070x6019 rep1,F8,2.59,2.79,2.77,AMM+TDM,
978,3,32,F,4,8426x6193 rep1,F8,3.3,3.43,3.37,AMM+TDM,
669,3,32,F,5,6202x9402 rep1,F8,2.91,3.29,2.98,AMM+TDM,
1524,3,32,F,6,6131,parent,1.06,1.03,1.11,AMM+TDM,
513,3,32,G,1,6145x8247 rep1,F8,3.66,3.66,3.32,AMM+TDM,
1437,3,32,G,2,6085,parent,0.62,0.63,0.6,AMM+TDM,
948,3,32,G,3,8376x6201 rep1,F8,0,0,0,AMM+TDM,
1746,3,32,G,4,8259,parent,0.85,0.82,0.82,AMM+TDM,
1800,3,32,G,5,9339,parent,2.44,2.53,2.82,AMM+TDM,
1269,3,32,G,6,991x6210 rep2,F8,3.14,3.61,3.63,AMM+TDM,
861,3,32,H,1,8230x6195 rep2,F8,3.82,4.3,3.93,AMM+TDM,
1044,3,32,H,2,9363x6070 rep1,F8,1.87,1.86,1.65,AMM+TDM,
1053,3,32,H,3,9371x6021 rep2,F8,3.1,3.5,2.97,AMM+TDM,
480,3,32,H,4,6134x6013 rep2,F8,1.98,2.08,2.06,AMM+TDM,
1386,3,32,H,5,6030,parent,0,0,0,AMM+TDM,
888,3,32,H,6,8242x6171 rep1,F8,2.43,2.82,2.98,AMM+TDM,
1716,3,33,A,1,8227,parent,0.5,0.55,0.54,AMM+TDM,
1656,3,33,A,2,6237,parent,0,0,0,AMM+TDM,
1377,3,33,A,3,6023,parent,0.67,0.7,0.6,AMM+TDM,
1788,3,33,A,4,9321,parent,0.05,0.05,0.05,AMM+TDM,
300,3,33,A,5,6076x1254 rep1,F8,1.76,1.96,1.96,AMM+TDM,
492,3,33,A,6,6137x5867 rep2,F8,0.4,0.45,0.42,AMM+TDM,
825,3,33,B,1,6974x6102 rep2,F8,0.06,0.06,0.06,AMM+TDM,
423,3,33,B,2,6124x6184 rep1,F8,0.16,0.18,0.19,AMM+TDM,
1314,3,33,B,3,1318,parent,0,0,0,AMM+TDM,
717,3,33,B,4,6221x9455 rep1,F8,0.45,0.46,0.62,AMM+TDM,
1359,3,33,B,5,6012,parent,1.36,1.33,1.49,AMM+TDM,
1332,3,33,B,6,175,parent,0.04,0.04,0.04,AMM+TDM,
162,3,33,C,1,6017x9392 rep1,F8,0,0,0,AMM+TDM,
972,3,33,C,2,8423x8240 rep1,F8,1.22,1.49,1.49,AMM+TDM,
612,3,33,C,3,6189x6220 rep2,F8,1.25,1.33,1.34,AMM+TDM,
750,3,33,C,4,6243x6180 rep1,F8,1.44,1.55,1.52,AMM+TDM,
192,3,33,C,5,6024x1367 rep2,F8,1.32,1.44,1.43,AMM+TDM,
3,3,33,C,6,1002x6038 rep1,F8,2.21,2.33,2.3,AMM+TDM,
18,3,33,D,1,1061x6131 rep2,F8,1.07,1.23,1.15,AMM+TDM,
1743,3,33,D,2,9369x9434_rep2,parent,1.88,2.11,2.11,AMM+TDM,
885,3,33,D,3,8241x1137 rep2,F8,2.08,2.3,2.36,AMM+TDM,
1719,3,33,D,4,8230,parent,1.5,1.63,1.5,AMM+TDM,
1392,3,33,D,5,6035,parent,1.13,1.22,1.13,AMM+TDM,
498,3,33,D,6,6138x6122 rep2,F8,2.01,2.11,2.13,AMM+TDM,
741,3,33,E,1,6240x5831 rep2,F8,1.6,1.67,2.01,AMM+TDM,
1353,3,33,E,2,5867,parent,0.58,0.59,0.54,AMM+TDM,
1698,3,33,E,3,6918,parent,0.73,0.73,0.73,AMM+TDM,
1830,3,33,E,4,9382,parent,1.25,1.17,1.21,AMM+TDM,
537,3,33,E,5,6151x9408 rep1,F8,1.52,1.46,1.43,AMM+TDM,
954,3,33,E,6,8386x6241 rep1,F8,2.45,2.5,2.6,AMM+TDM,
1587,3,33,F,1,6173,parent,0.2,0.2,0.23,AMM+TDM,
792,3,33,F,2,6413x8351 rep1,F8,1.04,0.89,0.94,AMM+TDM,
366,3,33,F,3,6104x6034 rep2,F8,1.22,1.24,1.18,AMM+TDM,
123,3,33,F,4,5835x9058 rep1,F8,1.82,1.66,1.8,AMM+TDM,
1179,3,33,F,5,9421x8256 rep2,F8,2.95,2.98,3.11,AMM+TDM,
1425,3,33,F,6,6071,parent,1.88,1.92,2.24,AMM+TDM,
945,3,33,G,1,8369x6132 rep2,F8,1.05,1.13,1.17,AMM+TDM,
303,3,33,G,2,6076x1254 rep2,F8,2.18,2.23,2.1,AMM+TDM,
237,3,33,G,3,6039x5835 rep1,F8,2.1,2.14,2.38,AMM+TDM,
1773,3,33,G,4,8422,parent,0.48,0.45,0.46,AMM+TDM,
6,3,33,G,5,1002x6038 rep2,F8,4.69,4.53,4.55,AMM+TDM,
384,3,33,G,6,6107x6128 rep2,F8,2.18,2.04,2.26,AMM+TDM,
1383,3,33,H,1,6025,parent,0,0,0,AMM+TDM,
354,3,33,H,2,6099x9394 rep2,F8,0.85,0.82,0.68,AMM+TDM,
987,3,33,H,3,9057x9382 rep2,F8,1.76,1.85,1.92,AMM+TDM,
318,3,33,H,4,6088x9386 rep1,F8,0.04,0.04,0.04,AMM+TDM,
819,3,33,H,5,6965x9412 rep2,F8,0.34,0.29,0.66,AMM+TDM,
1062,3,33,H,6,9381x6198 rep1,F8,3.24,2.93,3.18,AMM+TDM,
681,3,34,A,1,6209x6151 rep1,F8,0,0,0,AMM+TDM,
540,3,34,A,2,6151x9408 rep2,F8,1.05,1.04,1.14,AMM+TDM,
1380,3,34,A,3,6024,parent,0.83,0.8,0.82,AMM+TDM,
840,3,34,A,4,7519x6111 rep1,F8,2.7,2.36,2.6,AMM+TDM,
1899,3,34,A,5,9437,parent,0.24,0.28,0.27,AMM+TDM,
936,3,34,A,6,8351x6150 rep1,F8,1.5,1.48,1.34,AMM+TDM,
339,3,34,B,1,6094x9369 rep2,F8,3.57,3.47,3.48,AMM+TDM,
1419,3,34,B,2,6069,parent,0,0,0,AMM+TDM,
1875,3,34,B,3,9409,parent,1.12,1.14,1.16,AMM+TDM,
153,3,34,B,4,6012x997 rep2,F8,2.06,2.06,2.08,AMM+TDM,
765,3,34,B,5,6252x6202 rep2,F8,1.45,1.7,1.63,AMM+TDM,
930,3,34,B,6,8334x8231 rep1,F8,2.59,2.5,2.54,AMM+TDM,
870,3,34,C,1,8237x6194 rep1,F8,2.69,2.76,2.74,AMM+TDM,
27,3,34,C,2,1063x1435 rep1,F8,2.9,3.35,3.65,AMM+TDM,
462,3,34,C,3,6132x6255 rep2,F8,0.37,0.38,0.38,AMM+TDM,
1758,3,34,C,4,8351,parent,1.91,1.76,1.79,AMM+TDM,
1902,3,34,C,5,9450,parent,1.29,1.26,1.26,AMM+TDM,
150,3,34,C,6,6012x997 rep1,F8,3.2,3.09,3.12,AMM+TDM,
111,3,34,D,1,5830x6085 rep1,F8,2.67,2.67,2.59,AMM+TDM,
1710,3,34,D,2,7519,parent,0.8,0.78,0.79,AMM+TDM,
1662,3,34,D,3,6240,parent,0.89,1.01,0.98,AMM+TDM,
1881,3,34,D,4,9413,parent,1.39,1.35,1.42,AMM+TDM,
1911,3,34,D,5,9453,parent,3.67,3.58,3.52,AMM+TDM,
30,3,34,D,6,1063x1435 rep2,F8,4.34,4.43,4.62,AMM+TDM,
438,3,34,E,1,6126x6172 rep2,F8,4.24,4.04,3.77,AMM+TDM,
1143,3,34,E,2,9407x6040 rep2,F8,3.43,3.48,3.23,AMM+TDM,
1296,3,34,E,3,1074,parent,0,0,0,AMM+TDM,
642,3,34,E,4,6194x1061 rep2,F8,2.14,2.12,2.09,AMM+TDM,
231,3,34,E,5,6036x6203 rep1,F8,2.56,2.51,2.5,AMM+TDM,
813,3,34,E,6,6918x9323 rep2,F8,0.92,1.02,0.93,AMM+TDM,ugly plant looking sick
1227,3,34,F,1,9453x6106 rep2,F8,1.82,1.86,1.75,AMM+TDM,
1923,3,34,F,2,9471,parent,1.35,1.42,1.32,AMM+TDM,
1311,3,34,F,3,1317,parent,2.04,2.08,1.9,AMM+TDM,
1158,3,34,F,4,9412x6024 rep1,F8,2.33,2.35,2.24,AMM+TDM,
1725,3,34,F,5,8237,parent,1.76,1.81,1.8,AMM+TDM,
1827,3,34,F,6,9381,parent,3.51,3.45,3.4,AMM+TDM,
1446,3,34,G,1,6090,parent,3.79,3.65,3.57,AMM+TDM,
63,3,34,G,2,1317x6276 rep1,F8,3.74,3.84,3.85,AMM+TDM,
1479,3,34,G,3,6107,parent,1.09,1.15,1.05,AMM+TDM,
876,3,34,G,4,8240x6036 rep1,F8,2.09,2.13,2.04,AMM+TDM,
603,3,34,G,5,6184x6025 rep1,F8,1.12,1.13,1.04,AMM+TDM,
1221,3,34,G,6,9452x6114 rep2,F8,6.66,7.18,6.5,AMM+TDM,
1815,3,34,H,1,9363,parent,0,0,0,AMM+TDM,
1611,3,34,H,2,6194,parent,1.44,1.45,1.42,AMM+TDM,
174,3,34,H,3,6020x6030 rep1,F8,3.99,4.16,4.07,AMM+TDM,
993,3,34,H,4,9058x6112 rep2,F8,4.33,4.56,3.94,AMM+TDM,
1821,3,34,H,5,9371,parent,0.07,0.07,0.07,AMM+TDM,
933,3,34,H,6,8334x8231 rep2,F8,4.16,4.52,4.11,AMM+TDM,
1122,3,35,A,1,9402x6169 rep1,F8,0,0,0,RM+NS,
1041,3,35,A,2,9356x6094 rep2,F8,1.74,1.55,1.55,RM+NS,
1407,3,35,A,3,6041,parent,0,0,0,RM+NS,
1224,3,35,A,4,9453x6106 rep1,F8,2.82,2.93,2.81,RM+NS,
1320,3,35,A,5,1367,parent,0,0,0,RM+NS,
1050,3,35,A,6,9371x6021 rep1,F8,2.16,2.15,2.14,RM+NS,
171,3,35,B,1,6019x6012 rep2,F8,1.81,1.77,1.75,RM+NS,"leaves rolled up, adjusted"
81,3,35,B,2,1435x6240 rep1,F8,1.19,1.07,1.1,RM+NS,"leaves rolled up, adjusted"
129,3,35,B,3,5856x9452 rep1,F8,3.64,3.68,3.69,RM+NS,
1365,3,35,B,4,6017,parent,0.52,0.56,0.54,RM+NS,
1215,3,35,B,5,9451x9437 rep2,F8,2.23,2.15,2.2,RM+NS,
54,3,35,B,6,1254x6076 rep2,F8,3.17,3.25,3.14,RM+NS,
195,3,35,C,1,6024x6124 rep1,F8,1.93,1.92,1.97,RM+NS,
414,3,35,C,2,6118x8227 rep1,F8,0.99,1.12,1.18,RM+NS,
1509,3,35,C,3,6124,parent,0,0,0,RM+NS,
1809,3,35,C,4,9353,parent,3.32,3.35,3.44,RM+NS,
1104,3,35,C,5,9392x6073 rep1,F8,2.14,2.04,1.99,RM+NS,
183,3,35,C,6,6021x9407 rep2,F8,4.79,4.82,4.73,RM+NS,
1575,3,35,D,1,6166,parent,1.37,1.46,1.66,RM+NS,"leaves adjusted, out of blue net"
24,3,35,D,2,1062x6108 rep2,F8,3.62,3.52,3.68,RM+NS,
390,3,35,D,3,6109x9343 rep1,F8,4.21,4.22,4.22,RM+NS,
402,3,35,D,4,6114x9381 rep1,F8,2.75,2.75,2.69,RM+NS,
1683,3,35,D,5,6276,parent,0,0,0,RM+NS,
999,3,35,D,6,9321x6189 rep2,F8,2.22,2.33,2.12,RM+NS,
321,3,35,E,1,6088x9386 rep2,F8,0,0,0,RM+NS,
1032,3,35,E,2,9353x6109 rep1,F8,5,5.09,5.21,RM+NS,
525,3,35,E,3,6149x9395 rep1,F8,2.64,2.68,2.66,RM+NS,
1305,3,35,E,4,1254,parent,3.62,3.72,3.44,RM+NS,
120,3,35,E,5,5831x8237 rep2,F8,4.6,4.88,4.48,RM+NS,
1170,3,35,E,6,9416x6086 rep1,F8,2.83,3.02,2.91,RM+NS,
1209,3,35,F,1,9450x9356 rep2,F8,2.54,2.41,2.38,RM+NS,
324,3,35,F,2,6090x9416 rep1,F8,4.82,5.11,5.04,RM+NS,
1551,3,35,F,3,6145,parent,1.97,1.99,1.87,RM+NS,
942,3,35,F,4,8369x6132 rep1,F8,2.6,2.72,2.64,RM+NS,leaves adjusted
1098,3,35,F,5,9391x9353 rep1,F8,4.26,4.2,4.21,RM+NS,
1266,3,35,F,6,991x6210 rep1,F8,2.68,2.91,2.81,RM+NS,
1080,3,35,G,1,9388x9057 rep1,F8,1.87,2.01,1.87,RM+NS,
306,3,35,G,2,6085x9409 rep1,F8,2.4,2.46,2.63,RM+NS,
1896,3,35,G,3,9434,parent,2.15,2.11,2.14,RM+NS,
351,3,35,G,4,6098x9451 rep2,F8,3.15,3.13,3.19,RM+NS,
450,3,35,G,5,6128x9413 rep2,F8,3.36,3.29,3.42,RM+NS,
9,3,35,G,6,1002x6244 rep1,F8,2.89,3.27,2.99,RM+NS,
1293,3,35,H,1,1063,parent,2.55,2.57,2.48,RM+NS,
453,3,35,H,2,6131x6113 rep1,F8,0,0,0,RM+NS,
147,3,35,H,3,6011x6017 rep2,F8,2.92,3.12,3.13,RM+NS,
1476,3,35,H,4,6106,parent,2.37,2.42,2.36,RM+NS,
621,3,35,H,5,6192x1062 rep1,F8,3.29,3.09,3.35,RM+NS,
828,3,35,H,6,6974x6198 rep1,F8,1.93,1.82,1.94,RM+NS,
1671,3,36,A,1,6244,parent,1.3,1.34,1.37,RM+NS,
714,3,36,A,2,6220x9339 rep2,F8,1.4,1.46,1.5,RM+NS,
927,3,36,A,3,8307x9481 rep2,F8,1.95,1.91,1.9,RM+NS,
252,3,36,A,4,6041x6153 rep2,F8,2.4,2.37,2.54,RM+NS,
774,3,36,A,5,6258x1257 rep1,F8,0,0,0,RM+NS,
15,3,36,A,6,1061x6131 rep1,F8,1.14,1.08,1.17,RM+NS,
807,3,36,B,1,6917x6011 rep2,F8,0.87,0.93,0.95,RM+NS,
879,3,36,B,2,8240x6036 rep2,F8,1.03,0.97,1.01,RM+NS,
777,3,36,B,3,6258x1257 rep2,F8,1.77,1.95,1.97,RM+NS,
219,3,36,B,4,6035x9433 rep1,F8,1.47,1.49,1.53,RM+NS,
636,3,36,B,5,6193x9394 rep2,F8,1.92,2,2.21,RM+NS,
1035,3,36,B,6,9353x6109 rep2,F8,2.56,2.51,2.56,RM+NS,
186,3,36,C,1,6023x9380 rep1,F8,1.16,1.14,1.21,RM+NS,
705,3,36,C,2,6218x6043 rep1,F8,0,0,0,RM+NS,
1347,3,36,C,3,5856,parent,1.14,1.16,1.11,RM+NS,
234,3,36,C,4,6038x6039 rep2,F8,3.15,3.18,3.16,RM+NS,
456,3,36,C,5,6131x6113 rep2,F8,1.91,1.91,1.83,RM+NS,
1605,3,36,C,6,6192,parent,0,0,0,RM+NS,
495,3,36,D,1,6138x6122 rep1,F8,2.08,2.1,2.22,RM+NS,
591,3,36,D,2,6177x6023 rep1,F8,1.37,1.39,1.49,RM+NS,
375,3,36,D,3,6106x6071 rep1,F8,1.94,1.89,1.89,RM+NS,
1326,3,36,D,4,1552,parent,4.21,4.35,4.47,RM+NS,
1668,3,36,D,5,6243,parent,3.01,2.99,3.12,RM+NS,
1707,3,36,D,6,7517,parent,0,0,0,RM+NS,
93,3,36,E,1,1585x9427 rep1,F8,1.64,1.75,1.79,RM+NS,
1527,3,36,E,2,6132,parent,1.19,1.19,1.18,RM+NS,
939,3,36,E,3,8351x6150 rep2,F8,1.78,1.75,1.84,RM+NS,
1257,3,36,E,4,9476x991 rep2,F8,1.34,1.4,1.42,RM+NS,
1068,3,36,E,5,9382x6035 rep1,F8,2.37,2.29,2.45,RM+NS,
1539,3,36,E,6,6137,parent,3.56,3.77,3.74,RM+NS,
312,3,36,F,1,6086x8222 rep1,F8,1.88,1.31,1.43,RM+NS,
1389,3,36,F,2,6034,parent,1.98,2.02,2.15,RM+NS,
1002,3,36,F,3,9323x8369 rep1,F8,3.22,3.43,3.38,RM+NS,
261,3,36,F,4,6046x6191 rep1,F8,3.51,3.72,3.72,RM+NS,
1848,3,36,F,5,9392,parent,2.68,2.58,2.46,RM+NS,
1005,3,36,F,6,9323x8369 rep2,F8,1.88,1.91,1.83,RM+NS,
1245,3,36,G,1,9470x6107 rep2,F8,1.41,1.27,1.4,RM+NS,
1131,3,36,G,2,9404x9390 rep2,F8,3.18,3.12,3.14,RM+NS,
396,3,36,G,3,6112x6166 rep1,F8,2.8,2.78,2.72,RM+NS,"rolled up, adjusted"
1065,3,36,G,4,9381x6198 rep2,F8,4.56,4.39,4.48,RM+NS,
393,3,36,G,5,6109x9343 rep2,F8,3.89,3.89,3.99,RM+NS,"rolled up, adjusted"
1236,3,36,G,6,9455x9371 rep1,F8,0,0,0,RM+NS,
699,3,36,H,1,6217x6126 rep1,F8,3.18,3.55,3.33,RM+NS,
1608,3,36,H,2,6193,parent,2.88,3.13,3,RM+NS,
459,3,36,H,3,6132x6255 rep1,F8,1.13,1.15,1.08,RM+NS,
1452,3,36,H,4,6094,parent,1.34,1.47,1.42,RM+NS,
1935,3,36,H,5,992,parent,0.53,0.58,0.57,RM+NS,
966,3,36,H,6,8422x6209 rep1,F8,3.3,3.58,3.53,RM+NS,
399,3,37,A,1,6112x6166 rep2,F8,1.87,1.83,1.86,RM+NS,
216,3,37,A,2,6034x6231 rep2,F8,1.47,1.55,1.49,RM+NS,
567,3,37,A,3,6169x8230 rep1,F8,1.85,1.89,1.97,RM+NS,
465,3,37,A,4,6133x6020 rep1,F8,3.33,3.35,3.59,RM+NS,
675,3,37,A,5,6203x9321 rep1,F8,1.55,1.64,1.72,RM+NS,
981,3,37,A,6,8426x6193 rep2,F8,1.91,1.96,2.03,RM+NS,
639,3,37,B,1,6194x1061 rep1,F8,2.39,2.55,2.37,RM+NS,
1134,3,37,B,2,9405x6100 rep1,F8,2.89,2.88,2.92,RM+NS,
1254,3,37,B,3,9476x991 rep1,F8,3.33,3.3,3.48,RM+NS,
1047,3,37,B,4,9369x9434 rep1,F8,0,0,0,RM+NS,
1851,3,37,B,5,9394,parent,2.61,2.5,2.62,RM+NS,
210,3,37,B,6,6030x992 rep2,F8,1.09,1.08,1.13,RM+NS,
432,3,37,C,1,6125x6099 rep2,F8,0,0,0,RM+NS,
651,3,37,C,2,6197x6127 rep1,F8,1.75,1.82,1.81,RM+NS,
1665,3,37,C,3,6241,parent,0.27,0.28,0.28,RM+NS,
378,3,37,C,4,6106x6071 rep2,F8,0.84,0.81,0.85,RM+NS,
1530,3,37,C,5,6133,parent,1.65,1.63,1.68,RM+NS,
915,3,37,C,6,8259x6217 rep2,F8,2.39,2.54,2.58,RM+NS,
1545,3,37,D,1,6140,parent,2.77,2.81,2.83,RM+NS,
1629,3,37,D,2,6203,parent,0,0,0,RM+NS,
1011,3,37,D,3,9332x6413 rep2,F8,1.2,1.23,1.26,RM+NS,
708,3,37,D,4,6218x6043 rep2,F8,0,0,0,RM+NS,
864,3,37,D,5,8231x8386 rep1,F8,2.34,2.38,2.57,RM+NS,
1713,3,37,D,6,8222,parent,1.41,1.44,1.49,RM+NS,
738,3,37,E,1,6240x5831 rep1,F8,0.85,0.87,0.89,RM+NS,
924,3,37,E,2,8307x9481 rep1,F8,2.94,3.12,3.01,RM+NS,
270,3,37,E,3,6064x9404 rep2,F8,1.75,1.83,1.85,RM+NS,
330,3,37,E,4,6092x6125 rep1,F8,2.65,2.46,2.54,RM+NS,
546,3,37,E,5,6154x6221 rep2,F8,0,0,0,RM+NS,
1494,3,37,E,6,6113,parent,1.26,1.31,1.3,RM+NS,
1689,3,37,F,1,6413,parent,0,0,0,RM+NS,
519,3,37,F,2,6148x6138 rep1,F8,1.76,1.78,1.74,RM+NS,
1938,3,37,F,3,997,parent,0.26,0.26,0.27,RM+NS,
1884,3,37,F,4,9416,parent,0,0,0,RM+NS,
222,3,37,F,5,6035x9433 rep2,F8,0.79,0.8,0.8,RM+NS,
834,3,37,F,6,7517x6284 rep1,F8,3.73,3.78,3.85,RM+NS,
435,3,37,G,1,6126x6172 rep1,F8,3.68,3.83,3.82,RM+NS,
1593,3,37,G,2,6180,parent,0.42,0.42,0.36,RM+NS,
1188,3,37,G,3,9433x6030 rep1,F8,1.69,1.74,1.69,RM+NS,
1866,3,37,G,4,9405,parent,0.89,0.99,0.88,RM+NS,
114,3,37,G,5,5830x6085 rep2,F8,1.58,1.59,1.52,RM+NS,
1512,3,37,G,6,6125,parent,0.56,0.54,0.55,RM+NS,
1113,3,37,H,1,9395x9454 rep2,F8,3.05,3.1,3.1,RM+NS,
1470,3,37,H,2,6104,parent,1.85,1.85,1.8,RM+NS,
1272,3,37,H,3,992x9332 rep1,F8,2.76,2.89,2.84,RM+NS,
1731,3,37,H,4,8241,parent,1.57,1.65,1.57,RM+NS,
1194,3,37,H,5,9434x6177 rep1,F8,2.25,2.41,2.42,RM+NS,
1782,3,37,H,6,9057,parent,1.89,2.12,1.99,RM+NS,
771,3,38,A,1,6255x6136 rep2,F8,1.45,1.47,1.34,RM+NS,
1878,3,38,A,2,9412,parent,0.64,0.62,0.58,RM+NS,
804,3,38,A,3,6917x6011 rep1,F8,1.79,1.85,1.84,RM+NS,
108,3,38,A,4,5829x9336 rep2,F8,1.75,1.8,1.95,RM+NS,
1074,3,38,A,5,9386x6171 rep1,F8,1.83,1.88,1.83,RM+NS,
690,3,38,A,6,6210x6134 rep2,F8,1.82,1.89,1.91,RM+NS,
1704,3,38,B,1,6974,parent,0,0,0,RM+NS,
1638,3,38,B,2,6216,parent,1.03,1.07,1.01,RM+NS,
486,3,38,B,3,6136x6064 rep2,F8,1.4,1.44,1.36,RM+NS,
1086,3,38,B,4,9390x8283 rep1,F8,3.22,3.32,3.43,RM+NS,
177,3,38,B,5,6020x6030 rep2,F8,3.22,3.23,3.11,RM+NS,
1119,3,38,B,6,9399x6097 rep2,F8,1.98,2.03,2.03,RM+NS,
1497,3,38,C,1,6114,parent,1.33,1.3,1.32,RM+NS,
1455,3,38,C,2,6097,parent,1.8,1.84,1.79,RM+NS,
1686,3,38,C,3,6284,parent,2.49,2.6,2.5,RM+NS,
1647,3,38,C,4,6220,parent,2.3,2.32,2.31,RM+NS,
1737,3,38,C,5,8247,parent,1.52,1.54,1.68,RM+NS,
1734,3,38,C,6,8242,parent,0.61,0.63,0.62,RM+NS,
189,3,38,D,1,6024x1367 rep1,F8,1.8,1.69,1.67,RM+NS,
1206,3,38,D,2,9450x9356 rep1,F8,2.44,2.56,2.55,RM+NS,
1008,3,38,D,3,9332x6413 rep1,F8,0.67,0.65,0.65,RM+NS,
225,3,38,D,4,6036x1318 rep1,F8,2.31,2.36,2.33,RM+NS,
810,3,38,D,5,6918x9323 rep1,F8,1.84,1.6,1.54,RM+NS,
204,3,38,D,6,6025x6046 rep2,F8,2.37,2.14,2.28,RM+NS,
1290,3,38,E,1,1062,parent,1.18,1.01,1.05,RM+NS,
1440,3,38,E,2,6086,parent,3.58,3.54,3.37,RM+NS,
105,3,38,E,3,5829x9336 rep1,F8,4.45,4.32,3.6,RM+NS,
660,3,38,E,4,6198x6118 rep2,F8,3.23,3.29,3.32,RM+NS,
1824,3,38,E,5,9380,parent,0.87,0.91,0.91,RM+NS,
489,3,38,E,6,6137x5867 rep1,F8,4.87,5.02,5.33,RM+NS,
141,3,38,F,1,5867x6913 rep1,F8,2.74,2.75,2.68,RM+NS,
1449,3,38,F,2,6092,parent,3.39,3.54,3.62,RM+NS,
1164,3,38,F,3,9413x8423 rep1,F8,8.68,7.75,8.1,RM+NS,"big, leaves adjusted"
135,3,38,F,4,5865x8426 rep1,F8,5.24,5.29,5.44,RM+NS,"big, leaves adjusted"
336,3,38,F,5,6094x9369 rep1,F8,6.63,6.84,7.06,RM+NS,"big, leaves adjusted"
891,3,38,F,6,8242x6171 rep2,F8,2.15,2.12,2.12,RM+NS,
1059,3,38,G,1,9380x1063 rep2,F8,2.89,2.88,2.95,RM+NS,
1317,3,38,G,2,1363,parent,0,0,0,RM+NS,
630,3,38,G,3,6193x6133 rep2,F8,3.68,3.61,4.01,RM+NS,
780,3,38,G,4,6276x9363 rep1,F8,4.19,4.25,4.15,RM+NS,
1161,3,38,G,5,9412x6024 rep2,F8,3.3,3.4,3.41,RM+NS,
1092,3,38,G,6,9391x5867 rep1,F8,3.22,3.02,3.16,RM+NS,
1521,3,38,H,1,6128,parent,2.68,2.68,2.75,RM+NS,
1932,3,38,H,2,991,parent,0,0,0,RM+NS,
1863,3,38,H,3,9404,parent,1.2,1.15,1.14,RM+NS,
1137,3,38,H,4,9405x6100 rep2,F8,2.14,2.08,1.92,RM+NS,
984,3,38,H,5,9057x9382 rep1,F8,2.26,2.17,2.35,RM+NS,
357,3,38,H,6,6100x6069 rep1,F8,0,0,0,RM+NS,
1362,3,39,A,1,6013,parent,1.98,1.78,1.94,RM+NS,
1692,3,39,A,2,6913,parent,0.42,0.43,0.42,RM+NS,
1422,3,39,A,3,6070,parent,1.35,1.32,1.45,RM+NS,
522,3,39,A,4,6148x6138 rep2,F8,0.82,0.86,0.86,RM+NS,
294,3,39,A,5,6074x9421 rep1,F8,0.11,0.11,0.12,RM+NS,
735,3,39,A,6,6238x6105 rep2,F8,0.92,0.92,0.93,RM+NS,
906,3,39,B,1,8258x6115 rep1,F8,2.07,2.08,2.11,RM+NS,
1908,3,39,B,2,9452,parent,2.96,3.05,3.01,RM+NS,
1818,3,39,B,3,9369,parent,1.72,1.78,1.74,RM+NS,
1776,3,39,B,4,8423,parent,0,0,0,RM+NS,
732,3,39,B,5,6238x6105 rep1,F8,1.39,1.28,1.29,RM+NS,
246,3,39,B,6,6040x6041 rep2,F8,2.7,2.69,2.71,RM+NS,
918,3,39,C,1,8283x9471 rep1,F8,3.75,3.73,3.74,RM+NS,
873,3,39,C,2,8237x6194 rep2,F8,3.36,3.28,3.24,RM+NS,
555,3,39,C,3,6163x9405 rep1,F8,0,0,0,RM+NS,
678,3,39,C,4,6203x9321 rep2,F8,2.62,2.73,2.79,RM+NS,
117,3,39,C,5,5831x8237 rep1,F8,2.5,2.62,2.72,RM+NS,
273,3,39,C,6,6069x9470 rep1,F8,0,0,0,RM+NS,
1617,3,39,D,1,6197,parent,2.05,1.99,1.95,RM+NS,
1584,3,39,D,2,6172,parent,2.85,2.78,2.6,RM+NS,
666,3,39,D,3,6201x9399 rep2,F8,3.28,3.3,3.16,RM+NS,
588,3,39,D,4,6173x9383 rep2,F8,3.88,3.9,3.8,RM+NS,
1038,3,39,D,5,9356x6094 rep1,F8,3.95,3.76,3.52,RM+NS,
1185,3,39,D,6,9427x8387 rep2,F8,3.05,3.11,3.11,RM+NS,
516,3,39,E,1,6145x8247 rep2,F8,2.88,2.81,2.82,RM+NS,
1926,3,39,E,2,9476,parent,0,0,0,RM+NS,
633,3,39,E,3,6193x9394 rep1,F8,3.84,3.89,3.71,RM+NS,
342,3,39,E,4,6097x1318 rep1,F8,3.4,3.44,3.66,RM+NS,
57,3,39,E,5,1257x8334 rep1,F8,5.47,5.76,5.76,RM+NS,
912,3,39,E,6,8259x6217 rep1,F8,3.43,3.52,3.88,RM+NS,
597,3,39,F,1,6180x1317 rep1,F8,3.27,3.54,3.51,RM+NS,
483,3,39,F,2,6136x6064 rep1,F8,3.42,3.34,3.31,RM+NS,
594,3,39,F,3,6177x6023 rep2,F8,4.29,4.35,4.34,RM+NS,
1677,3,39,F,4,6255,parent,0,0,0,RM+NS,
51,3,39,F,5,1254x6076 rep1,F8,4.16,4.31,4.28,RM+NS,
903,3,39,F,6,8256x8376 rep2,F8,3.8,4,3.91,RM+NS,
258,3,39,G,1,6043x9453 rep2,F8,6.27,5.62,6.19,RM+NS,"big leaves, adjusted"
894,3,39,G,2,8247x6154 rep1,F8,1.96,2.06,2.04,RM+NS,
696,3,39,G,3,6216x6258 rep2,F8,0,0,0,RM+NS,
1200,3,39,G,4,9437x6197 rep1,F8,4.6,4.97,4.62,RM+NS,
1287,3,39,G,5,1061,parent,0,0,0,RM+NS,
1806,3,39,G,6,9352,parent,0,0,0,RM+NS,
477,3,39,H,1,6134x6013 rep1,F8,3.76,4.01,4.25,RM+NS,
255,3,39,H,2,6043x9453 rep1,F8,4.61,4.62,4.52,RM+NS,
531,3,39,H,3,6150x6218 rep1,F8,1.67,1.8,1.85,RM+NS,
759,3,39,H,4,6244x6173 rep2,F8,1.68,1.82,1.64,RM+NS,
348,3,39,H,5,6098x9451 rep1,F8,2.45,2.78,2.69,RM+NS,
510,3,39,H,6,6142x7517 rep2,F8,3.18,3.58,3.6,RM+NS,
264,3,40,A,1,6046x6191 rep2,F8,3.12,2.89,3,RM+NS,
1173,3,40,A,2,9416x6086 rep2,F8,0.92,0.96,1.01,RM+NS,
720,3,40,A,3,6231x6039 rep1,F8,2.2,2.3,2.35,RM+NS,
1596,3,40,A,4,6184,parent,2,2.14,2.53,RM+NS,
327,3,40,A,5,6090x9416 rep2,F8,2,1.99,2.22,RM+NS,
963,3,40,A,6,8387x6238 rep2,F8,0.77,0.74,0.82,RM+NS,
1350,3,40,B,1,5865,parent,1.06,1.16,1.11,RM+NS,
1770,3,40,B,2,8387,parent,1.31,1.2,1.28,RM+NS,
405,3,40,B,3,6114x9381 rep2,F8,4.22,4.25,4.36,RM+NS,
627,3,40,B,4,6193x6133 rep1,F8,1.83,1.9,1.73,RM+NS,
369,3,40,B,5,6105x5829 rep1,F8,1.65,1.52,1.6,RM+NS,
1728,3,40,B,6,8240,parent,0.99,1.06,1.06,RM+NS,
582,3,40,C,1,6172x6148 rep2,F8,2.62,2.56,2.48,RM+NS,
969,3,40,C,2,8422x6209 rep2,F8,0.96,0.97,0.94,RM+NS,"rolled leaves, adjusted"
168,3,40,C,3,6019x6012 rep1,F8,2.25,2.26,2.21,RM+NS,
240,3,40,C,4,6039x5835 rep2,F8,1.42,1.44,1.41,RM+NS,marchantia-removed
618,3,40,C,5,6191x6965 rep2,F8,1.06,1.07,1.12,RM+NS,
975,3,40,C,6,8423x8240 rep2,F8,1.85,1.79,1.87,RM+NS,
693,3,40,D,1,6216x6258 rep1,F8,2.93,2.42,2.43,RM+NS,
1491,3,40,D,2,6112,parent,1.4,1.4,1.45,RM+NS,
1461,3,40,D,3,6099,parent,2.78,2.87,2.79,RM+NS,
1569,3,40,D,4,6154,parent,1.21,1.18,1.17,RM+NS,
1197,3,40,D,5,9434x6177 rep2,F8,3.56,3.44,3.63,RM+NS,
228,3,40,D,6,6036x1318 rep2,F8,1.28,1.39,1.4,RM+NS,
1650,3,40,E,1,6221,parent,1.17,1.16,1.2,RM+NS,
1749,3,40,E,2,8283,parent,0.16,0.13,0.14,RM+NS,
1674,3,40,E,3,6252,parent,0.86,0.86,0.82,RM+NS,
1659,3,40,E,4,6238,parent,0.65,0.67,0.69,RM+NS,
36,3,40,E,5,1137x1074 rep2,F8,2.08,2.25,2.36,RM+NS,
1323,3,40,E,6,1435,parent,0.47,0.43,0.42,RM+NS,
1518,3,40,F,1,6127,parent,0.85,0.87,0.89,RM+NS,
816,3,40,F,2,6965x9412 rep1,F8,1.71,1.75,1.8,RM+NS,marchantia-removed
1443,3,40,F,3,6088,parent,2.89,2.97,3.26,RM+NS,
558,3,40,F,4,6163x9405 rep2,F8,0,0,0,RM+NS,
138,3,40,F,5,5865x8426 rep2,F8,2.71,2.73,3.03,RM+NS,
78,3,40,F,6,1367x8256 rep2,F8,1.02,1.04,1,RM+NS,
1302,3,40,G,1,1158,parent,0,0,0,RM+NS,
1755,3,40,G,2,8334,parent,1.84,1.88,1.98,RM+NS,
12,3,40,G,3,1002x6244 rep2,F8,2.91,2.73,2.9,RM+NS,
501,3,40,G,4,6140x9388 rep1,F8,1,1.06,1.07,RM+NS,
1152,3,40,G,5,9409x6104 rep1,F8,1.31,1.32,1.41,RM+NS,
672,3,40,G,6,6202x9402 rep2,F8,0.6,0.65,0.76,RM+NS,
333,3,40,H,1,6092x6125 rep2,F8,1.74,1.83,1.83,RM+NS,
744,3,40,H,2,6241x1552 rep1,F8,0.65,0.67,0.69,RM+NS,
309,3,40,H,3,6085x9409 rep2,F8,2.46,2.34,2.44,RM+NS,
822,3,40,H,4,6974x6102 rep1,F8,1.11,1.08,1.07,RM+NS,
315,3,40,H,5,6086x8222 rep2,F8,1.22,1.4,1.43,RM+NS,
1101,3,40,H,6,9391x9353 rep2,F8,1.14,1.2,1.22,RM+NS,
831,3,41,A,1,6974x6198 rep2,F8,1.77,1.69,1.74,RM+NS,
645,3,41,A,2,6195x1074 rep1,F8,1.34,1.36,1.3,RM+NS,
786,3,41,A,3,6284x5830 rep1,F8,0.87,0.87,0.84,RM+NS,
762,3,41,A,4,6252x6202 rep1,F8,0,0,0,RM+NS,
1368,3,41,A,5,6019,parent,0,0,0,RM+NS,
867,3,41,A,6,8231x8386 rep2,F8,2.28,2.35,2.29,RM+NS,
1485,3,41,B,1,6109,parent,2.19,2.31,2.2,RM+NS,
579,3,41,B,2,6172x6148 rep1,F8,2.48,2.43,2.5,RM+NS,
1020,3,41,B,3,9343x8259 rep1,F8,1.35,1.33,1.44,RM+NS,
729,3,41,B,4,6237x6090 rep2,F8,1.71,1.8,1.84,RM+NS,
132,3,41,B,5,5856x9452 rep2,F8,1.11,1.15,1.17,RM+NS,
447,3,41,B,6,6128x9413 rep1,F8,2.03,2.28,2.22,RM+NS,
180,3,41,C,1,6021x9407 rep1,F8,1.93,1.99,2,RM+NS,
1602,3,41,C,2,6191,parent,0.6,0.67,0.65,RM+NS,
1056,3,41,C,3,9380x1063 rep1,F8,1.99,2.02,2.24,RM+NS,
882,3,41,C,4,8241x1137 rep1,F8,2.48,2.61,2.34,RM+NS,
99,3,41,C,5,175x6913 rep1,F8,2.97,3.23,2.99,RM+NS,
285,3,41,C,6,6071x6145 rep1,F8,0.03,0.02,0.03,RM+NS,
1116,3,41,D,1,9399x6097 rep1,F8,3.58,4.24,3.97,RM+NS,
1767,3,41,D,2,8386,parent,2.37,2.49,2.68,RM+NS,
1578,3,41,D,3,6169,parent,3.43,3.78,3.6,RM+NS,
1398,3,41,D,4,6038,parent,4.15,3.58,3.57,RM+NS,
1146,3,41,D,5,9408x9352 rep1,F8,0.84,0.87,0.86,RM+NS,
1533,3,41,D,6,6134,parent,3.48,3.54,3.58,RM+NS,
1308,3,41,E,1,1257,parent,0,0,0,RM+NS,
1722,3,41,E,2,8231,parent,0.17,0.17,0.17,RM+NS,
1077,3,41,E,3,9386x6171 rep2,F8,2.51,2.55,2.85,RM+NS,
72,3,41,E,4,1318x6035 rep2,F8,2.45,2.68,2.61,RM+NS,
474,3,41,E,5,6133x6917 rep2,F8,0,0,0,RM+NS,
753,3,41,E,6,6243x6180 rep2,F8,4.88,4.51,5.26,RM+NS,
1230,3,41,F,1,9454x1363 rep1,F8,1.4,1.52,1.6,RM+NS,
1620,3,41,F,2,6198,parent,0,0,0,RM+NS,
1653,3,41,F,3,6231,parent,0,0,0,RM+NS,
1887,3,41,F,4,9421,parent,0.5,0.52,0.55,RM+NS,
291,3,41,F,5,6073x9476 rep2,F8,2.26,2.53,2.52,RM+NS,
858,3,41,F,6,8230x6195 rep1,F8,3.45,3.77,3.77,RM+NS,
1128,3,41,G,1,9404x9390 rep1,F8,3.21,3.44,3.49,RM+NS,
1890,3,41,G,2,9427,parent,2.33,2.53,2.67,RM+NS,
1581,3,41,G,3,6171,parent,2.56,2.68,2.63,RM+NS,
606,3,41,G,4,6184x6025 rep2,F8,2.93,2.95,3.19,RM+NS,
1467,3,41,G,5,6102,parent,0.29,0.27,0.3,RM+NS,
1791,3,41,G,6,9323,parent,1.93,2,2.03,RM+NS,
837,3,41,H,1,7517x6284 rep2,F8,3.83,4.42,4.22,RM+NS,
1854,3,41,H,2,9395,parent,0,0,0,RM+NS,
429,3,41,H,3,6125x6099 rep1,F8,1.61,1.77,1.85,RM+NS,
1845,3,41,H,4,9391,parent,1.71,1.8,1.7,RM+NS,
276,3,41,H,5,6069x9470 rep2,F8,2.14,2.34,2.56,RM+NS,
846,3,41,H,6,8222x6243 rep1,F8,4.6,4.76,4.99,RM+NS,
471,3,42,A,1,6133x6917 rep1,F8,0,0,0,RM+NS,
441,3,42,A,2,6127x6918 rep1,F8,2.78,2.99,2.99,RM+NS,
144,3,42,A,3,5867x6913 rep2,F8,2.2,2.32,2.37,RM+NS,
1701,3,42,B,1,6965,parent,0,0,0,RM+NS,
75,3,42,B,2,1367x8256 rep1,F8,0.42,0.45,0.44,RM+NS,
1572,3,42,B,3,6163,parent,2.1,2.18,2.03,RM+NS,
297,3,42,C,1,6074x9421 rep2,F8,3.47,3.63,3.69,RM+NS,
1329,3,42,C,2,1585,parent,0.49,0.49,0.52,RM+NS,
417,3,42,C,3,6118x8227 rep2,F8,2.23,3.01,3.46,RM+NS,
801,3,42,D,1,6913x6149 rep2,F8,2.21,2.03,2.1,RM+NS,
1599,3,42,D,2,6189,parent,3.53,3.55,3.54,RM+NS,
201,3,42,D,3,6025x6046 rep1,F8,2.92,3.24,3.35,RM+NS,
996,3,42,E,1,9321x6189 rep1,F8,0,0,0,RM+NS,
1428,3,42,E,2,6073,parent,0.09,0.08,0.09,RM+NS,
1155,3,42,E,3,9409x6104 rep2,F8,3.17,3.31,3.54,RM+NS,
21,3,42,F,1,1062x6108 rep1,F8,2.34,2.58,2.79,RM+NS,
282,3,42,F,2,6070x6019 rep2,F8,3.55,3.71,3.93,RM+NS,
648,3,42,F,3,6195x1074 rep2,F8,3.89,4.07,4.18,RM+NS,
1218,3,42,G,1,9452x6114 rep1,F8,2.3,2.46,2.58,RM+NS,
1125,3,42,G,2,9402x6169 rep2,F8,2.65,2.81,3.04,RM+NS,
1554,3,42,H,1,6148,parent,2.41,2.6,2.68,RM+NS,
1335,3,42,H,2,5829,parent,0,0,0,RM+NS,