plate,row,col,name,index2,index1,NGS sample ID
1,A,1,6243x6180 F8 rep2,TAGAGTTGGA,GAACAATTCC,216113
1,B,1,9413x8423 F8 rep2,AGAGCACTAG,TGTGGTCCGG,216113
1,C,1,9404x9390 F8 rep2,ACTCTACAGG,CTTCTAAGTC,216113
1,D,1,1257x8334 F8 rep2,CGGTGACACC,AATATTGCCA,216113
1,E,1,6017x9392 F8 rep1,GCGTTGGTAT,TCGTGCATTC,216113
1,F,1,5865x8426 F8 rep2,TGTGCTAACA,AAGATACACG,216113
1,G,1,1062x6108 F8 rep2,CCAGAAGTAA,TGCAATGAAT,216113
1,H,1,6039x5835 F8 rep1,CTTATACCTG,CTATGAAGGA,216113
1,A,2,8230x6195 F8 rep1,ACTAGAACTT,GAAGACTAGA,216113
1,B,2,1063x1435 F8 rep2,TTAGGCTTAC,AGGAGTCGAG,216113
1,C,2,9412x6024 F8 rep2,TATCATGAGA,TTCACTCACT,216113
1,D,2,6041x6153 F8 rep1,CTCACACAAG,GGTCCGCTTC,216113
1,E,2,9321x6189 F8 rep2,GAATTGAGTG,CAACGAGAGC,216113
1,F,2,8230x6195 F8 rep2,CGGATTATAT,ATTGAGGTCC,216113
1,G,2,8231x8386 F8 rep1,TTGAAGCAGA,GGAGAGACTC,216113
1,H,2,6195x1074 F8 rep2,TACGGCGAAG,CCGCTCCGTT,216113
1,A,3,9413x8423 F8 rep1,TCTCCATTGA,ATACATCACA,216113
1,B,3,6243x6180 F8 rep1,CGAGACCAAG,TAGGTATGTT,216113
1,C,3,9343x8259 F8 rep2,TGCTGGACAT,CACCTAGCAC,216113
1,D,3,8222x6243 F8 rep2,GATGGTATCG,TTCAAGTATG,216113
1,E,3,1435x6240 F8 rep2,GGCTTAATTG,TTAAGACAAG,216113
1,F,3,6197x6127 F8 rep1,CTCGACTCCT,CACCTCTCTT,216113
1,G,3,8426x6193 F8 rep2,ATACACAGAG,TTCTCGTGCA,216113
1,H,3,6189x6220 F8 rep1,TCTCGGACGA,GCTAGGAAGT,216113
1,A,4,8256x8376 F8 rep1,ACCACGTCTG,TTAATAGCAC,216113
1,B,4,8283x9471 F8 rep2,GTTGTACTCA,CATTCACGCT,216113
1,C,4,8283x9471 F8 rep1,TCAGGTCAAC,GGCACTAAGG,216113
1,D,4,8258x6115 F8 rep2,AGTCCGAGGA,ATTCGGTACA,216113
1,E,4,8387x6238 F8 rep1,CACTTAATCT,ACTAATCTCC,216113
1,F,4,5829x9336 F8 rep2,TACTCTGTTA,TGTGTTAGTA,216113
1,G,4,9380x1063 F8 rep1,GCGACTCGAT,CAACGACCTA,216113
1,H,4,5829x9336 F8 rep1,CTAGGCAAGG,CGGTCGGCAT,216113
1,A,5,6017x9392 F8 rep2,CCTCTTCGAA,TCGACGCTAG,216113
1,B,5,6192x1062 F8 rep2,TCATCCTCTT,CTCGTAGGCA,216113
1,C,5,9404x9390 F8 rep1,GGTAAGATAA,AAGTTCTAGT,216113
1,D,5,6038x6039 F8 rep2,AACGAGCCAG,CCAAGAGGTG,216113
1,E,5,5835x9058 F8 rep2,TAGACAATCT,ATATCTGCTT,216113
1,F,5,6192x1062 F8 rep1,CAATGCTGAA,TGGATCTGGC,216113
1,G,5,8386x6241 F8 rep1,GTCACGGTGT,TTGAATCCAA,216113
1,H,5,6105x5829 F8 rep2,GGTGTACAAG,CACGGCTAGT,216113
1,A,6,6193x6133 F8 rep2,AGGTTGCAGG,GAGCTTGCCG,216113
1,B,6,9470x6107 F8 rep1,TAATACGGAG,AGCTAGCTTC,216113
1,C,6,9399x6097 F8 rep1,CGAAGACGCA,CAATCCTTGT,216113
1,D,6,1367x8256 F8 rep2,ATTGACACAT,CACCTGTTGC,216113
1,E,6,6193x6133 F8 rep1,CAGCCGATTG,CGTCACCTTG,216113
1,F,6,1063x1435 F8 rep1,TCTCACGCGT,AATGACTGGT,216113
1,G,6,8423x8240 F8 rep1,CTCTGACGTG,ATGATTCCGG,216113
1,H,6,9437x6197 F8 rep2,TCGAATGGAA,TTAGGCTCAA,216113
1,A,7,6231x6039 F8 rep1,AAGGCCTTGG,TGTAAGGTGG,216113
1,B,7,9057x9382 F8 rep1,TGAACGCAAC,CAACTGCAAC,216113
1,C,7,6191x6965 F8 rep1,CCGCTTAGCT,ACATGAGTGA,216113
1,D,7,8256x8376 F8 rep2,CACCGAGGAA,GCAACCAGTC,216113
1,E,7,8426x6193 F8 rep1,CGTATAATCA,GAGCGACGAT,216113
1,F,7,9390x8283 F8 rep2,ATGACAGAAC,CGAACGCACC,216113
1,G,7,6193x9394 F8 rep2,ATTCATTGCA,TCTTACGCCG,216113
1,H,7,8386x6241 F8 rep2,TCATGTCCTG,AGCTGATGTC,216113
1,A,8,1257x8334 F8 rep1,AATTCGATCG,CTGAATTAGT,216113
1,B,8,6108x6192 F8 rep2,TTCCGACATT,TAAGGAGGAA,216113
1,C,8,6030x992 F8 rep2,TGGCACGACC,AGCTTACACA,216113
1,D,8,8241x1137 F8 rep2,GCCACAGCAC,AACCAGCCAC,216113
1,E,8,6040x6041 F8 rep1,CAGTAGTTGT,CTTAAGTCGA,216113
1,F,8,8240x6036 F8 rep2,AGCTCTCAAG,GCCTAACGTG,216113
1,G,8,6138x6122 F8 rep1,TCTGGAATTA,ACTTACTTCA,216113
1,H,8,6039x5835 F8 rep2,ATTAGTGGAG,CGCATTCCGT,216113
1,A,9,6189x6220 F8 rep2,GACTATATGT,GATATCACAC,216113
1,B,9,6030x992 F8 rep1,CGTTCGGAAC,AGCGCTGTGT,216113
1,C,9,9412x6024 F8 rep1,TCGATACTAG,TCACCGCGCT,216113
1,D,9,8222x6243 F8 rep1,TACCACAATG,GATAGCCTTG,216113
1,E,9,9391x5867 F8 rep2,TGGTATACCA,CCTGGACGCA,216113
1,F,9,8423x8240 F8 rep2,GCTCTCGTTG,TTACGCACCT,216113
1,G,9,9336x6220 F8 rep1,GTCTCGTGAA,TCGTTGCTGC,216113
1,H,9,7519x6111 F8 rep2,AAGGCCACCT,CGACAAGGAT,216113
1,A,10,6128x9413 F8 rep1,CTGTGAGCTA,GTGTACCTTC,216113
1,B,10,9380x1063 F8 rep2,TCACAGATCG,ACCTGGCCAA,216113
1,C,10,6974x6198 F8 rep2,AGAAGCCAAT,TGTCTGGCCT,216113
1,D,10,Aa1xAa2 F8 rep1,ACTGCAGCCG,AGTTAATGCT,216113
1,E,10,1585x9427 F8 rep2,AACATCTAGT,GGTGAGTAAT,216113
1,F,10,5865x8426 F8 rep1,CCTTACTATG,TACTCTGCGC,216113
1,G,10,1367x8256 F8 rep1,GTGGCGAGAC,AGGTATGGCG,216113
1,H,10,9437x6197 F8 rep1,GCCAGATCCA,TCCAGCCTGC,216113
1,A,11,6191x6965 F8 rep2,ACACAATATC,GCCATATAAC,216113
1,B,11,6013x8241 F8 rep1,TGGAGGTAAT,AGTGCGAGTG,216113
1,C,11,8258x6115 F8 rep1,CCTTCACGTA,CTGAGCCGGT,216113
1,D,11,8240x6036 F8 rep1,CTATACGCGG,AACGGTCTAT,216113
1,E,11,8231x8386 F8 rep2,GTTGCAGTTG,GTTGCGTTCA,216113
1,F,11,8307x9481 F8 rep2,TTATGCGCCT,CTTCAACCAC,216113
1,G,11,8241x1137 F8 rep1,TCTCAGTACA,TCTATTCAGT,216113
1,H,11,9421x8256 F8 rep1,AGTATACGGA,CAAGACGTCC,216113
1,A,12,8259x6217 F8 rep2,ACGCTTGGAC,TGAGTACAAC,216113
1,B,12,6194x1061 F8 rep2,GGAGTAGATT,CCGCGGTTCT,216113
1,C,12,6197x6127 F8 rep2,TACACGCTCC,ATTGATACTG,216113
1,D,12,6194x1061 F8 rep1,TCCGATAGAG,GGATTATGGA,216113
1,E,12,6173x9383 F8 rep2,CTCAAGGCCG,TGGTTCTCAT,216113
1,F,12,8334x8231 F8 rep1,CAAGTTCATA,TCAACCACGA,216113
1,G,12,6046x6191 F8 rep2,AATCCTTAGG,TATGAACTTG,216113
1,H,12,6105x5829 F8 rep1,GGTGGAATAC,AGTGGTTAAG,216113
2,A,1,5830x6085 F8 rep2,TCGTGGAGCG,CGCTCAGTTC,216110
2,B,1,6011x6017 F8 rep2,CTACAAGATA,TATCTGACCT,216110
2,C,1,6241x1552 F8 rep2,TATAGTAGCT,ATATGAGACG,216110
2,D,1,6148x6138 F8 rep1,TGCCTGGTGG,CTTATGGAAT,216110
2,E,1,6240x5831 F8 rep2,ACATTATCCT,TAATCTCGTC,216110
2,F,1,6244x6173 F8 rep2,GTCCACTTGT,GCGCGATGTT,216110
2,G,1,6284x5830 F8 rep2,TGGAACAGTA,AGAGCACTAG,216110
2,H,1,6133x6020 F8 rep1,CCTTGTTAAT,TGCCTTGATC,216110
2,A,2,6166x7519 F8 rep2,GTTGATAGTG,CTACTCAGTC,216110
2,B,2,175x6913 F8 rep1,ACCAGCGACA,TCGTCTGACT,216110
2,C,2,997x8307 F8 rep1,CATACACTGT,GAACATACGG,216110
2,D,2,1254x6076 F8 rep1,GTGTGGCGCT,CCTATGACTC,216110
2,E,2,1318x6035 F8 rep1,ATCACGAAGG,TAATGGCAAG,216110
2,F,2,8387x6238 F8 rep2,CGGCTCTACT,GTGCCGCTTC,216110
2,G,2,1254x6076 F8 rep2,GAATGCACGA,CGGCAATGGA,216110
2,H,2,9388x9057 F8 rep1,AAGACTATAG,GCCGTAACCG,216110
2,A,3,9407x6040 F8 rep2,TCGGCAGCAA,AACCATTCTC,216110
2,B,3,6284x5830 F8 rep1,CTAATGATGG,GGTTGCCTCT,216110
2,C,3,9390x8283 F8 rep1,GGTTGCCTCT,CTAATGATGG,216110
2,D,3,9407x6040 F8 rep1,CGCACATGGC,TCGGCCTATC,216110
2,E,3,9421x8256 F8 rep2,GGCCTGTCCT,AGTCAACCAT,216110
2,F,3,9409x6104 F8 rep1,CTGTGTTAGG,GAGCGCAATA,216110
2,G,3,9434x6177 F8 rep2,TAAGGAACGT,AACAAGGCGT,216110
2,H,3,9427x8387 F8 rep1,CTAACTGTAA,GTATGTAGAA,216110
2,A,4,6034x6231 F8 rep1,GGCGAGATGG,TTCTATGGTT,216110
2,B,4,991x6210 F8 rep2,AATAGAGCAA,CCTCGCAACC,216110
2,C,4,6041x6153 F8 rep2,TCAATCCATT,TGGATGCTTA,216110
2,D,4,6094x9369 F8 rep1,TCGTATGCGG,ATGTCGTGGT,216110
2,E,4,6109x9343 F8 rep1,TCCGACCTCG,AGAGTGCGGC,216110
2,F,4,6035x9433 F8 rep2,CTTATGGAAT,TGCCTGGTGG,216110
2,G,4,6036x1318 F8 rep1,GCTTACGGAC,TGCGTGTCAC,216110
2,H,4,8307x9481 F8 rep1,GAACATACGG,CATACACTGT,216110
2,A,5,6134x6013 F8 rep2,GTCGATTACA,CGTATAATCA,216110
2,B,5,6137x5867 F8 rep1,ACTAGCCGTG,TACGCGGCTG,216110
2,C,5,6913x6149 F8 rep2,AAGTTGGTGA,GCGAGTTACC,216110
2,D,5,1137x6237 F8 rep1,TGGCAATATT,TACGGCCGGT,216110
2,E,5,6203x9321 F8 rep2,GATCACCGCG,GTCGATTACA,216110
2,F,5,1137x6237 F8 rep2,TACCATCCGT,CTGTCTGCAC,216110
2,G,5,6198x6118 F8 rep1,GCTGTAGGAA,CAGCCGATTG,216110
2,H,5,6166x7519 F8 rep1,CGCACTAATG,TGACTACATA,216110
2,A,6,9392x6073 F8 rep2,GACAACTGAA,ATTGCCGAGT,216110
2,B,6,9471x9450 F8 rep2,AGTGGTCAGG,GCCATTAGAC,216110
2,C,6,9453x6106 F8 rep1,TTCTATGGTT,GGCGAGATGG,216110
2,D,6,6023x9380 F8 rep1,AATCCGGCCA,TGGCTCGCAG,216110
2,E,6,6019x6012 F8 rep1,CCATAAGGTT,TAGAATAACG,216110
2,F,6,6012x997 F8 rep1,ATCTCTACCA,TAATGGATCT,216110
2,G,6,6177x6023 F8 rep1,CGGTGGCGAA,TATCCAGGAC,216110
2,H,6,6145x8247 F8 rep1,TAACAATAGG,AGTGCCACTG,216110
2,A,7,6145x8247 F8 rep2,CTGGTACACG,GTGCAACACT,216110
2,B,7,6013x8241 F8 rep2,TCAACGTGTA,ACATGGTGTC,216110
2,C,7,992x9332 F8 rep2,ACTGTTGTGA,GACAGACAGG,216110
2,D,7,6217x6126 F8 rep2,GTGCGTCCTT,TCTTACATCA,216110
2,E,7,6244x6173 F8 rep1,AGCACATCCT,TTACAATTCC,216110
2,F,7,6255x6136 F8 rep1,TTCCGTCGCA,AAGCTTATGC,216110
2,G,7,9356x6094 F8 rep2,CTTAACCACT,TATTCCTCAG,216110
2,H,7,9381x6198 F8 rep2,GCCTCGGATA,CTCGTGCGTT,216110
2,A,8,6021x9407 F8 rep2,CGTCGACTGG,TTAGGATAGA,216110
2,B,8,6019x6012 F8 rep2,TACTAGTCAA,CCGAAGCGAG,216110
2,C,8,6064x9404 F8 rep1,ATAGACCGTT,GGACCAACAG,216110
2,D,8,6046x6191 F8 rep1,ACAGTTCCAG,TTCCAGGTAA,216110
2,E,8,6043x9453 F8 rep1,AGGCATGTAG,TGATTAGCCA,216110
2,F,8,6126x6172 F8 rep2,GCAAGTCTCA,TAACAGTGTT,216110
2,G,8,6104x6034 F8 rep2,TTGGCTCCGC,ACCGCGCAAT,216110
2,H,8,9471x9450 F8 rep1,AACTGATACT,GTTCGCGCCA,216110
2,A,9,9450x9356 F8 rep1,GTAAGGCATA,AGACACATTA,216110
2,B,9,6173x9383 F8 rep1,AATTGCTGCG,GCGTTGGTAT,216110
2,C,9,6172x6148 F8 rep2,TTACAATTCC,AGCACATCCT,216110
2,D,9,6202x9402 F8 rep2,AACCTAGCAC,TTGTTCCGTG,216110
2,E,9,6202x9402 F8 rep1,TCTGTGTGGA,AAGTACTCCA,216110
2,F,9,6201x9399 F8 rep1,GGAATTCCAA,ACGTCAATAC,216110
2,G,9,6138x6122 F8 rep2,AAGCGCGCTT,GGTGTACAAG,216110
2,H,9,1435x6240 F8 rep1,TGAGCGTTGT,CCACCTGTGT,216110
2,A,10,6151x9408 F8 rep2,ATCATAGGCT,GTTCCGCAGG,216110
2,B,10,6150x6218 F8 rep2,TGTTAGAAGG,ACCTTATGAA,216110
2,C,10,9343x8259 F8 rep1,GATGGATGTA,CGCTGCAGAG,216110
2,D,10,6965x9412 F8 rep2,ACGGCCGTCA,GTAGAGTCAG,216110
2,E,10,9356x6094 F8 rep1,CGTTGCTTAC,GGATACCAGA,216110
2,F,10,9336x6220 F8 rep2,TGACTACATA,CGCACTAATG,216110
2,G,10,6918x9323 F8 rep2,CGGCCTCGTT,TCCTGACCGT,216110
2,H,10,8237x6194 F8 rep1,CAAGCATCCG,CTGGCTTGCC,216110
2,A,11,Aa1xAa2 F8 rep2,TCGTCTGACT,ACCAGCGACA,216110
2,B,11,997x8307 F8 rep2,CTCATAGCGA,TTGTAACGGT,216110
2,C,11,9381x6198 F8 rep1,AGACACATTA,GTAAGGCATA,216110
2,D,11,6142x7517 F8 rep2,GCGCGATGTT,GTCCACTTGT,216110
2,E,11,6142x7517 F8 rep1,CATGAGTACT,TTAGGTACCA,216110
2,F,11,9405x6100 F8 rep2,ACGTCAATAC,GGAATTCCAA,216110
2,G,11,9386x6171 F8 rep1,GATACCTCCT,CATGTAGAGG,216110
2,H,11,6136x6064 F8 rep2,ATCCGTAAGT,TACACGCTCC,216110
2,A,12,6252x6202 F8 rep2,CGTGTATCTT,GCTTACGGAC,216110
2,B,12,9409x6104 F8 rep2,GAACCATGAA,CGCTTGAAGT,216110
2,C,12,9391x9353 F8 rep1,GGCCATCATA,CGCCTTCTGA,216110
2,D,12,6237x6090 F8 rep2,ACATACTTCC,ATACCAACGC,216110
2,E,12,6070x6019 F8 rep2,TATGTGCAAT,CTGGATATGT,216110
2,F,12,6122x6252 F8 rep2,GATTAAGGTG,CAATCTATGA,216110
2,G,12,5831x8237 F8 rep2,ATGTAGACAA,GGTGGAATAC,216110
2,H,12,5835x9058 F8 rep1,CACATCGGTG,TGGACGGAGG,216110
3,A,1,9392x6073 F8 rep1,AACACGTGGA,TCTCATGATA,216112
3,B,1,1002x6244 F8 rep2,GTGTTACCGG,CGAGGCCAAG,216112
3,C,1,175x6913 F8 rep2,AGATTGTTAC,TTCACGAGAC,216112
3,D,1,1002x6244 F8 rep1,TTGACCAATG,GCGTGGATGG,216112
3,E,1,5856x9452 F8 rep2,CTGACCGGCA,TCCTGGTTGT,216112
3,F,1,1585x9427 F8 rep1,TCTCATCAAT,TAATTCTGCT,216112
3,G,1,9427x8387 F8 rep2,GGACCAACAG,CGCACGACTG,216112
3,H,1,9451x9437 F8 rep1,AATGTATTGC,GAGGTTAGAC,216112
3,A,2,9323x8369 F8 rep1,GATCTCTGGA,AACCGAGTTC,216112
3,B,2,6020x6030 F8 rep1,CAGGCGCCAT,TGTGATAACT,216112
3,C,2,8351x6150 F8 rep1,TTAATAGACC,AGTATGCTAC,216112
3,D,2,5856x9452 F8 rep1,GGAGTCGCGA,GTAACTGAAG,216112
3,E,2,6136x6064 F8 rep1,AACGCCAGAG,TCCTCGGACT,216112
3,F,2,8334x8231 F8 rep2,CGTAATTAAC,CTGGAACTGT,216112
3,G,2,6094x9369 F8 rep2,ACGAGACTGA,GAATATGCGG,216112
3,H,2,6036x6203 F8 rep1,GTATCGGCCG,GATCGGATAA,216112
3,A,3,6040x6041 F8 rep2,AATACGACAT,GCTAGACTAT,216112
3,B,3,6036x1318 F8 rep2,GTTATATGGC,AGCTACTATA,216112
3,C,3,7517x6284 F8 rep2,GCCTGCCATG,CCACCGGAGT,216112
3,D,3,7517x6284 F8 rep1,TAAGACCTAT,CTTACCGCAC,216112
3,E,3,9481x9399 F8 rep2,TATACCATGG,TTAGGATATC,216112
3,F,3,9450x9356 F8 rep2,GCCGTCTGTT,TTATACGCGA,216112
3,G,3,6086x8222 F8 rep1,CAGAGTGATA,CGCTTAGAAT,216112
3,H,3,6238x6105 F8 rep1,TGCTAACTAT,CCGAAGCGCT,216112
3,A,4,6074x9421 F8 rep1,TCAGTTAATG,CACTATCAAC,216112
3,B,4,8369x6132 F8 rep2,GTGACCTTGA,TTGCTCTATT,216112
3,C,4,9416x6086 F8 rep1,ACATGCATAT,TTACAGTTAG,216112
3,D,4,6134x6013 F8 rep1,AACATACCTA,CTAAGTACGC,216112
3,E,4,8351x6150 F8 rep2,CCATGTGTAG,TAGTTCGGTA,216112
3,F,4,6150x6218 F8 rep1,GAGTCTCTCC,CTATTACTAC,216112
3,G,4,9395x9454 F8 rep1,GCTATGCGCA,TAGCATAACC,216112
3,H,4,6913x6149 F8 rep1,ATCGCATATG,ACTCTATTGT,216112
3,A,5,9402x6169 F8 rep2,AGTACCTATA,TAGTGGAAGC,216112
3,B,5,1158x6092 F8 rep2,GACCGGAGAT,CGCCATATCT,216112
3,C,5,6024x1367 F8 rep1,CGTTCAGCCT,GCTTCATATT,216112
3,D,5,1137x1074 F8 rep2,TTACTTCCTC,ACTAGCGCTA,216112
3,E,5,6076x1254 F8 rep1,CACGTCCACC,GCTCTTAACT,216112
3,F,5,6114x9381 F8 rep2,GCTACTATCT,GTGGTATCTG,216112
3,G,5,6112x6166 F8 rep1,AGTCAACCAT,TGACGGCCGT,216112
3,H,5,9395x9454 F8 rep2,CGAGGCGGTA,CAGTAATTAC,216112
3,A,6,9353x6109 F8 rep1,CAGGTGTTCA,TACAAGACTT,216112
3,B,6,9371x6021 F8 rep1,GACAGACAGG,CTGTGGTGAC,216112
3,C,6,9391x5867 F8 rep1,TGTACTTGTT,CTCCACTAAT,216112
3,D,6,1552x1158 F8 rep2,CTCTAAGTAG,ATAGTTAGCA,216112
3,E,6,6241x1552 F8 rep1,GTCACCACAG,ATAGGTCTTA,216112
3,F,6,1552x1158 F8 rep1,TCTACATACC,TTCTTAACCA,216112
3,G,6,1002x6038 F8 rep2,CACGTTAGGC,AAGGAAGAGT,216112
3,H,6,6198x6118 F8 rep2,TGGTGAGTCT,GGAAGGAGAC,216112
3,A,7,9382x6035 F8 rep2,CTTCGAAGGA,TGAACGCGGA,216112
3,B,7,991x6210 F8 rep1,GTAGAGTCAG,CCTGCAACCT,216112
3,C,7,6024x6124 F8 rep2,GACATTGTCA,TTCATGGTTC,216112
3,D,7,6184x6025 F8 rep1,TCCGCAAGGC,ATCCTCTCAA,216112
3,E,7,6133x6020 F8 rep2,ACTGCCTTAT,CACTAGACCA,216112
3,F,7,6076x1254 F8 rep2,TACGCACGTA,ATTATCCACT,216112
3,G,7,6115x1585 F8 rep1,CGCTTGAAGT,ATGGCGTGCC,216112
3,H,7,6035x9433 F8 rep1,CTGCACTTCA,TCCAGAGATC,216112
3,A,8,6132x6255 F8 rep1,CAGCGGACAA,ATGTCCAGCA,216112
3,B,8,1062x6108 F8 rep1,GGATCCGCAT,CAACGTTCGG,216112
3,C,8,8369x6132 F8 rep1,TGCGGTGTTG,GCGTATTAAT,216112
3,D,8,6112x6166 F8 rep2,ACATAACGGA,GTTGTGACTA,216112
3,E,8,6106x6071 F8 rep1,GACGTTCGCG,TCTCAATACC,216112
3,F,8,9476x991 F8 rep2,CATTCAACAA,AAGCATCTTG,216112
3,G,8,9476x991 F8 rep1,CACGGATTAT,TCAGTCTCGT,216112
3,H,8,9434x6177 F8 rep1,TTGAGGACGG,TGCAAGATAA,216112
3,A,9,9454x1363 F8 rep1,CTCTGTATAC,GTAACAATCT,216112
3,B,9,9470x6107 F8 rep2,GCAACAGGTG,CAGCGGTAGA,216112
3,C,9,6097x1318 F8 rep1,GGTAACGCAG,TCATACCGTT,216112
3,D,9,6074x9421 F8 rep2,ACCGCGCAAT,GGCGCCATTG,216112
3,E,9,6086x8222 F8 rep2,AGCCGGAACA,AGCGAATTAG,216112
3,F,9,8259x6217 F8 rep1,TCCTAGGAAG,TTAGACCATG,216112
3,G,9,8237x6194 F8 rep2,TTGAGCCTAA,CACACAGTAT,216112
3,H,9,6974x6198 F8 rep1,CCACCTGTGT,TCTTGTCGGC,216112
3,A,10,8242x6171 F8 rep1,CCTCGCAACC,TACCGCCTCG,216112
3,B,10,6974x6102 F8 rep2,GTATAGCTGT,CTGTTATATC,216112
3,C,10,6210x6134 F8 rep2,GCTACATTAG,TAACCGGCGA,216112
3,D,10,992x9332 F8 rep1,TACGAATCTT,AAGAGAGTCT,216112
3,E,10,6163x6111 F8 rep1,TAGGAGCGCA,GTAGGCGAGC,216112
3,F,10,1318x6035 F8 rep2,GTACTGGCGT,AACTTATCCT,216112
3,G,10,6114x9381 F8 rep1,AGTTAAGAGC,ATTATGTCTC,216112
3,H,10,6171x6074 F8 rep2,TCGCGTATAA,TATAACAGCT,216112
3,A,11,6238x6105 F8 rep2,GAGTGTGCCG,CCAATGATAC,216112
3,B,11,6220x9339 F8 rep2,CTAGTCCGGA,GAGGCCTATT,216112
3,C,11,9399x6097 F8 rep2,ATTAATACGC,AGCTAAGCGG,216112
3,D,11,9386x6171 F8 rep2,CCTAGAGTAT,CTTCCTAGGA,216112
3,E,11,6220x9339 F8 rep1,TAGGAAGACT,CGATCTGTGA,216112
3,F,11,6218x6043 F8 rep2,CCGTGGCCTT,GTGGACAAGT,216112
3,G,11,6140x9388 F8 rep1,GGATATATCC,AACAAGTACA,216112
3,H,11,8376x6201 F8 rep2,CACCTCTTGG,AGATTAAGTG,216112
3,A,12,6169x8230 F8 rep1,AACGTTACAT,TATCACTCTG,216112
3,B,12,6149x9395 F8 rep2,CGGCAAGCTC,AGAATTCGCC,216112
3,C,12,6209x6151 F8 rep2,TCTTGGCTAT,CCTGACCACT,216112
3,D,12,6216x6258 F8 rep1,ACGGAATGCG,AGCTGGAATG,216112
3,E,12,9352x8422 F8 rep2,GTTCCGCAGG,TGATAACGAG,216112
3,F,12,6090x9416 F8 rep2,ACCAAGTTAC,CATAGTAAGG,216112
3,G,12,6240x5831 F8 rep1,TGGCTCGCAG,ATTGGCTTCT,216112
3,H,12,6209x6151 F8 rep1,AACTAACGTT,GTACCGATTA,216112
4,A,1,9323x8369 F8 rep2,CCTGATACAA,TGCCGGTCAG,216111
4,B,1,6413x8351 F8 rep2,TTAAGTTGTG,CACTCAATTC,216111
4,C,1,6090x9416 F8 rep1,CGGACAGTGA,TCTCACACGC,216111
4,D,1,6092x6125 F8 rep1,GCACTACAAC,TCAATGGAGA,216111
4,E,1,9455x9371 F8 rep2,TGGTGCCTGG,ATATGCATGT,216111
4,F,1,6085x9409 F8 rep2,TCCACGGCCT,ATGGCGCCTG,216111
4,G,1,1158x6092 F8 rep1,TTGTAGTGTA,TCCGTTATGT,216111
4,H,1,6073x9476 F8 rep2,CCACGACACG,GGTCTATTAA,216111
4,A,2,6217x6126 F8 rep1,TGTGATGTAT,CAGCAATCGT,216111
4,B,2,9388x9057 F8 rep2,GAGCGCAATA,TTCTGTAGAA,216111
4,C,2,6258x1257 F8 rep2,ATCTTACTGT,GAACGCAATA,216111
4,D,2,9369x9434 F8 rep2,ATGTCGTGGT,AGTACTCATG,216111
4,E,2,9382x6035 F8 rep1,GTAGCCATCA,GGTAGAATTA,216111
4,F,2,1317x6276 F8 rep2,TGGTTAAGAA,TAATTAGCGT,216111
4,G,2,6172x6148 F8 rep1,TGTTGTTCGT,ATTAACAAGG,216111
4,H,2,6193x9394 F8 rep1,CCAACAACAT,TGATGGCTAC,216111
4,A,3,6180x1317 F8 rep1,ACCGGCTCAG,GAATTACAAG,216111
4,B,3,6203x9321 F8 rep1,GTTAATCTGA,TAGAATTGGA,216111
4,C,3,6195x1074 F8 rep1,CGGCTAACGT,AGGCAGCTCT,216111
4,D,3,6024x1367 F8 rep2,TCCAAGAATT,ATCGGCGAAG,216111
4,E,3,1061x6131 F8 rep1,CCGAACGTTG,CCGTGACCGA,216111
4,F,3,6069x9470 F8 rep2,TAACCGCCGA,ATACTTGTTC,216111
4,G,3,6020x6030 F8 rep2,CTCCGTGCTG,TCCGCCAATT,216111
4,H,3,6071x6145 F8 rep2,CATTCCAGCT,AGGACAGGCC,216111
4,A,4,9452x6114 F8 rep2,GGTTATGCTA,AGAGAACCTA,216111
4,B,4,8247x6154 F8 rep2,ACCACACGGT,GATATTGTGT,216111
4,C,4,6201x9399 F8 rep2,TAGGTTCTCT,CGTACAGGAA,216111
4,D,4,6180x1317 F8 rep2,TATGGCTCGA,CTGCGTTACC,216111
4,E,4,6070x6019 F8 rep1,CTCGTGCGTT,AGGCCGTGGA,216111
4,F,4,7519x6111 F8 rep1,CCAGTTGGCA,AGGAGGTATC,216111
4,G,4,1002x6038 F8 rep1,TGTTCGCATT,GCTGACGTTG,216111
4,H,4,6024x6124 F8 rep1,AACCGCATCG,CTAATAACCG,216111
4,A,5,6149x9395 F8 rep1,CGAAGGTTAA,TCTAGGCGCG,216111
4,B,5,6148x6138 F8 rep2,AGTGCCACTG,ATAGCCAAGA,216111
4,C,5,6137x5867 F8 rep2,GAACAAGTAT,TTCGGTGTGA,216111
4,D,5,6132x6255 F8 rep2,ACGATTGCTG,ATGTAACGTT,216111
4,E,5,6255x6136 F8 rep2,ATACCTGGAT,AACGAGGCCG,216111
4,F,5,9369x9434 F8 rep1,TCCAATTCTA,TGGTGTTATG,216111
4,G,5,6151x9408 F8 rep1,TGAGACAGCG,TGGCCTCTGT,216111
4,H,5,6169x8230 F8 rep2,ACGCTAATTA,CCAGGCACCA,216111
4,A,6,9057x9382 F8 rep2,TATATTCGAG,CCGGTTCCTA,216111
4,B,6,9371x6021 F8 rep2,CGGTCCGATA,GGCCAATATT,216111
4,C,6,9332x6413 F8 rep2,ACAATAGAGT,GAATACCTAT,216111
4,D,6,9058x6112 F8 rep2,CGGTTATTAG,TACGTGAAGG,216111
4,E,6,9321x6189 F8 rep1,GATAACAAGT,CTTATTGGCC,216111
4,F,6,9352x8422 F8 rep1,AGTTATCACA,ACAACTACTG,216111
4,G,6,9058x6112 F8 rep1,TTCCAGGTAA,GTTGGATGAA,216111
4,H,6,9454x1363 F8 rep2,CATGTAGAGG,AATCCAATTG,216111
4,A,7,9405x6100 F8 rep1,GATTGTCATA,TATGATGGCC,216111
4,B,7,9416x6086 F8 rep2,ATTCCGCTAT,CGCAGCAATT,216111
4,C,7,9402x6169 F8 rep1,GACCGCTGTG,ACGTTCCTTA,216111
4,D,7,9391x9353 F8 rep2,TAGGAACCGG,CCGCGTATAG,216111
4,E,7,6237x6090 F8 rep1,AGCGGTGGAC,GATTCTGAAT,216111
4,F,7,6276x9363 F8 rep1,TATAGATTCG,TAGAGAATAC,216111
4,G,7,6917x6011 F8 rep2,ACAGAGGCCA,TTGTATCAGG,216111
4,H,7,6917x6011 F8 rep1,ATTCCTATTG,CACAGCGGTC,216111
4,A,8,6252x6202 F8 rep1,TATTCCTCAG,CCACGCTGAA,216111
4,B,8,6069x9470 F8 rep1,CGCCTTCTGA,GTTCGGAGTT,216111
4,C,8,6218x6043 F8 rep1,GCGCAGAGTA,ATAGCGGAAT,216111
4,D,8,6258x1257 F8 rep1,GGCGCCAATT,GCAATATTCA,216111
4,E,8,6109x9343 F8 rep2,AGATATGGCG,CTAGATTGCG,216111
4,F,8,6965x9412 F8 rep1,CCTGCTTGGT,CGATGCGGTT,216111
4,G,8,6071x6145 F8 rep1,GACGAACAAT,TCCGGACTAG,216111
4,H,8,9433x6030 F8 rep2,TGGCGGTCCA,GTGACGGAGC,216111
4,A,9,1137x1074 F8 rep1,CTTCAGTTAC,AATTCCATCT,216111
4,B,9,1061x6131 F8 rep2,TCCTGACCGT,TTAACGGTGT,216111
4,C,9,6171x6074 F8 rep1,CGCGCCTAGA,ACTTGTTATC,216111
4,D,9,9453x6106 F8 rep2,AGGATAAGTT,CGTGTACCAG,216111
4,E,9,6034x6231 F8 rep2,AGGCCAGACA,TTAACCTTCG,216111
4,F,9,6025x6046 F8 rep2,CCTTGAACGG,CATATGCGAT,216111
4,G,9,6098x9451 F8 rep2,CACCACCTAC,AGCCTATGAT,216111
4,H,9,6918x9323 F8 rep1,TTGCTTGTAT,TATGACAATC,216111
4,A,10,6012x997 F8 rep2,CAATCTATGA,ATGTTGTTGG,216111
4,B,10,5830x6085 F8 rep1,TGGTACTGAT,GCACCACCAA,216111
4,C,10,6177x6023 F8 rep2,TTCATCCAAC,AGGCGTTCGC,216111
4,D,10,6025x6046 F8 rep1,CATAACACCA,CCTCCGGTTG,216111
4,E,10,6126x6172 F8 rep1,TCCTATTAGC,GTCCACCGCT,216111
4,F,10,5867x6913 F8 rep1,TCTCTAGATT,ATTGTTCGTC,216111
4,G,10,5831x8237 F8 rep1,CGCGAGCCTA,GGACCAGTGG,216111
4,H,10,6184x6025 F8 rep2,GATAAGCTCT,CCTTCTAACA,216111
4,A,11,6085x9409 F8 rep1,GAGATGTCGA,CTCGAATATA,216111
4,B,11,6974x6102 F8 rep1,CTGGATATGT,GATCGTCGCG,216111
4,C,11,8247x6154 F8 rep1,GGCCAATAAG,TATCCGAGGC,216111
4,D,11,6128x9413 F8 rep2,ATTACTCACC,CGCTGTCTCA,216111
4,E,11,9481x9399 F8 rep1,AATTGGCGGA,AATGCGAACA,216111
4,F,11,6131x6113 F8 rep2,TTGTCAACTT,AATTCTTGGA,216111
4,G,11,6127x6918 F8 rep2,GGCGAATTCT,TTCCTACAGC,216111
4,H,11,6092x6125 F8 rep2,CAACGTCAGC,ATCCAGGTAT,216111
4,A,12,9451x9437 F8 rep2,TCTTACATCA,ACGGTCCAAC,216111
4,B,12,9452x6114 F8 rep1,CGCCATACCT,GTAACTTGGT,216111
4,C,12,6115x1585 F8 rep2,CTAATGTCTT,AGCGCCACAC,216111
4,D,12,9455x9371 F8 rep1,CAACCGGAGG,TGCTACTGCC,216111
4,E,12,6104x6034 F8 rep1,GGCAGTAGCA,CAACACCGCA,216111
4,F,12,6097x1318 F8 rep2,TTAGGATAGA,CACCTTAATC,216111
4,G,12,6124x6184 F8 rep2,CGCAATCTAG,TTGAATGTTG,216111
4,H,12,6064x9404 F8 rep2,GAGTTGTACT,CCGGTAACAC,216111
5,A,1,9332x6413 F8 rep1,AACACGTGGA,TCTCATGATA,219242
5,B,1,6043x9453 F8 rep2,GTGTTACCGG,CGAGGCCAAG,219242
5,C,1,6107x6128 F8 rep1,AGATTGTTAC,TTCACGAGAC,219242
5,D,1,6100x6069 F8 rep2,TTGACCAATG,GCGTGGATGG,219242
5,E,1,9433x6030 F8 rep1,CTGACCGGCA,TCCTGGTTGT,219242
5,F,1,8422x6209 F8 rep1,TCTCATCAAT,TAATTCTGCT,219242
5,G,1,6127x6918 F8 rep1,GGACCAACAG,CGCACGACTG,219242
5,H,1,6107x6128 F8 rep2,AATGTATTGC,GAGGTTAGAC,219242
5,A,2,9363x6070 F8 rep1,GATCTCTGGA,AACCGAGTTC,219242
5,B,2,8422x6209 F8 rep2,CAGGCGCCAT,TGTGATAACT,219242
5,C,2,6088x9386 F8 rep1,TTAATAGACC,AGTATGCTAC,219242
5,D,2,6163x9405 F8 rep1,GGAGTCGCGA,GTAACTGAAG,219242
5,E,2,6118x8227 F8 rep1,AACGCCAGAG,TCCTCGGACT,219242
5,F,2,6106x6071 F8 rep2,CGTAATTAAC,CTGGAACTGT,219242
5,G,2,8242x6171 F8 rep2,ACGAGACTGA,GAATATGCGG,219242
5,H,2,6125x6099 F8 rep1,GTATCGGCCG,GATCGGATAA,219242
5,A,3,6163x6111 F8 rep2,AATACGACAT,GCTAGACTAT,219242
5,B,3,6140x9388 F8 rep2,GTTATATGGC,AGCTACTATA,219242
5,C,3,6124x6184 F8 rep1,GCCTGCCATG,CCACCGGAGT,219242
5,D,3,6210x6134 F8 rep1,TAAGACCTAT,CTTACCGCAC,219242
5,E,3,5867x6913 F8 rep2,TATACCATGG,TTAGGATATC,219242
5,F,3,8227x6216 F8 rep2,GCCGTCTGTT,TTATACGCGA,219242
5,G,3,9353x6109 F8 rep2,CAGAGTGATA,CGCTTAGAAT,219242
5,H,3,6012x997 F8 rep1,TGCTAACTAT,CCGAAGCGCT,219242
5,A,4,6113x6917 F8 rep1,TCAGTTAATG,CACTATCAAC,219242
5,B,4,6163x9405 F8 rep2,GTGACCTTGA,TTGCTCTATT,219242
5,C,4,6216x6258 F8 rep2,ACATGCATAT,TTACAGTTAG,219242
5,D,4,6099x9394 F8 rep2,AACATACCTA,CTAAGTACGC,219242
5,E,4,6100x6069 F8 rep1,CCATGTGTAG,TAGTTCGGTA,219242
5,F,4,6118x8227 F8 rep2,GAGTCTCTCC,CTATTACTAC,219242
5,G,4,6098x9451 F8 rep1,GCTATGCGCA,TAGCATAACC,219242
5,H,4,8227x6216 F8 rep1,ATCGCATATG,ACTCTATTGT,219242
5,A,5,9408x9352 F8 rep2,AGTACCTATA,TAGTGGAAGC,219242
5,B,5,6154x6221 F8 rep1,GACCGGAGAT,CGCCATATCT,219242
5,C,5,6133x6917 F8 rep2,CGTTCAGCCT,GCTTCATATT,219242
5,D,5,6125x6099 F8 rep2,TTACTTCCTC,ACTAGCGCTA,219242
5,E,5,6276x9363 F8 rep2,CACGTCCACC,GCTCTTAACT,219242
5,F,5,6154x6221 F8 rep2,GCTACTATCT,GTGGTATCTG,219242
5,G,5,6088x9386 F8 rep2,AGTCAACCAT,TGACGGCCGT,219242
5,H,5,6131x6113 F8 rep1,CGAGGCGGTA,CAGTAATTAC,219242
5,A,6,1317x6276 F8 rep1,CAGGTGTTCA,TACAAGACTT,219242
5,B,6,9408x9352 F8 rep1,GACAGACAGG,CTGTGGTGAC,219242
5,C,6,6231x6039 F8 rep2,TGTACTTGTT,CTCCACTAAT,219242
5,D,6,6221x9455 F8 rep1,CTCTAAGTAG,ATAGTTAGCA,219242
5,E,6,6413x8351 F8 rep1,GTCACCACAG,ATAGGTCTTA,219242
5,F,6,8376x6201 F8 rep1,TCTACATACC,TTCTTAACCA,219242
5,G,6,9408x9352 F8 rep1,CACGTTAGGC,AAGGAAGAGT,219242
5,H,6,1317x6276 F8 rep1,TGGTGAGTCT,GGAAGGAGAC,219242
